Time,wm_ref,wm,PWM
0.0,0.0,0.0,0.0
0.05000399999999994,0.0,0.0,0.0
0.10000799999999987,0.0,0.0,0.0
0.15000799999999992,0.0,0.0,0.0
0.20001199999999986,0.0,0.0,0.0
0.2500159999999998,0.0,0.0,0.0
0.30001999999999995,0.0,0.0,0.0
0.3500239999999999,0.0,0.0,0.0
0.40002799999999983,0.0,0.0,0.0
0.45003199999999977,0.0,0.0,0.0
0.5000319999999998,0.0,0.0,0.0
0.5500359999999997,0.0,0.0,0.0
0.6000399999999997,0.0,0.0,0.0
0.6500440000000001,0.0,0.0,0.0
0.7000439999999999,0.0,0.0,0.0
0.7500439999999997,0.0,0.0,0.0
0.8000479999999996,0.0,0.0,0.0
0.8500479999999999,0.0,0.0,0.0
0.9000519999999999,0.0,0.0,0.0
0.9500559999999998,0.0,0.0,0.0
1.0000599999999997,202.3562774658203,0.0,129.0
1.05006,204.7117919921875,0.0,130.0
1.1000599999999998,207.06614685058594,0.0,132.0
1.1500639999999998,209.4189453125,10.471129417419434,133.0
1.200064,211.7692413330078,125.66360473632812,135.0
1.250068,214.11680603027344,167.53807067871094,136.0
1.3000679999999998,216.460693359375,198.96737670898438,138.0
1.350068,218.800537109375,198.96737670898438,139.0
1.4000679999999999,221.13572692871094,209.4393310546875,141.0
1.4500679999999997,223.4656982421875,209.4393310546875,142.0
1.5000719999999996,225.7900848388672,209.42257690429688,144.0
1.550076,228.10809326171875,209.42257690429688,145.0
1.60008,230.41917419433594,209.42257690429688,147.0
1.6500839999999999,232.72274780273438,209.42257690429688,148.0
1.7000839999999997,235.01805114746094,230.38328552246094,150.0
1.750084,237.3047332763672,219.91131591796875,151.0
1.800088,239.58238220214844,219.8937225341797,153.0
1.8500879999999997,241.85008239746094,230.38328552246094,154.0
1.9000919999999997,244.10763549804688,230.36485290527344,156.0
1.950092,246.3541259765625,230.38328552246094,157.0
2.000096,248.58935546875,230.36485290527344,158.0
2.0500999999999996,250.81259155273438,240.83596801757812,160.0
2.1000999999999994,253.0231170654297,240.85523986816406,161.0
2.150104,255.22073364257812,240.83596801757812,163.0
2.2001039999999996,257.404541015625,251.32720947265625,164.0
2.2501039999999994,259.57421875,251.32720947265625,165.0
2.300108,261.7293395996094,251.30709838867188,167.0
2.3501079999999996,263.8690490722656,251.32720947265625,168.0
2.400112,265.9931945800781,261.7782287597656,170.0
2.450112,268.10089111328125,251.32720947265625,171.0
2.5001159999999993,270.1919250488281,261.7782287597656,172.0
2.550116,272.2654724121094,251.32720947265625,174.0
2.6001200000000004,274.3213806152344,261.7782287597656,175.0
2.650124,276.3589172363281,261.7782287597656,176.0
2.7001280000000003,278.37762451171875,272.2493591308594,178.0
2.750132,280.3769836425781,272.2493591308594,179.0
2.800136,282.35650634765625,282.7204895019531,180.0
2.8501399999999997,284.3157043457031,282.7204895019531,181.0
2.9001400000000004,286.25396728515625,272.2711486816406,183.0
2.950144,288.17108154296875,293.1916198730469,184.0
3.0001480000000003,290.06640625,282.7204895019531,185.0
3.0501519999999998,291.9395751953125,282.7204895019531,186.0
3.100156,293.7900085449219,282.7204895019531,187.0
3.1501599999999996,295.6173095703125,293.1916198730469,189.0
3.2001600000000003,297.4208984375,293.215087890625,190.0
3.250164,299.2005310058594,293.1916198730469,191.0
3.3001639999999997,300.95556640625,293.215087890625,192.0
3.350168,302.68585205078125,303.6627502441406,193.0
3.4001719999999995,304.3907775878906,293.1916198730469,194.0
3.450176,306.0699462890625,303.6627502441406,195.0
3.5001759999999997,307.7228088378906,303.6870422363281,196.0
3.55018,309.3492431640625,303.6627502441406,197.0
3.60018,310.9485168457031,314.15899658203125,198.0
3.6501799999999998,312.52044677734375,314.15899658203125,199.0
3.700184,314.0647277832031,303.6627502441406,200.0
3.750184,315.58074951171875,303.6870422363281,201.0
3.8001880000000003,317.0683898925781,314.1338806152344,202.0
3.850192,318.527099609375,314.1338806152344,203.0
3.900196,319.95660400390625,314.1338806152344,204.0
3.950196,321.3563537597656,314.15899658203125,205.0
4.0001999999999995,322.7262878417969,324.6050109863281,206.0
4.0502,324.0658264160156,324.6309814453125,207.0
4.1002,325.374755859375,324.6309814453125,208.0
4.150204,326.6528625488281,335.0761413574219,208.0
4.200204,327.89959716796875,335.1029357910156,209.0
4.250208,329.1148681640625,324.6050109863281,210.0
4.300212,330.29827880859375,324.6050109863281,211.0
4.350212,331.449462890625,324.6309814453125,211.0
4.400212,332.5682373046875,324.6309814453125,212.0
4.450212,333.65423583984375,335.1029357910156,213.0
4.500212,334.7073059082031,335.1029357910156,214.0
4.550212,335.72711181640625,335.1029357910156,214.0
4.600216,336.7135314941406,335.0761413574219,215.0
4.6502159999999995,337.6661376953125,335.1029357910156,215.0
4.70022,338.5848083496094,345.5472717285156,216.0
4.75022,339.4692687988281,345.5749206542969,217.0
4.800224,340.3193359375,335.0761413574219,217.0
4.8502279999999995,341.13482666015625,345.5472717285156,218.0
4.900232,341.9154357910156,335.0761413574219,218.0
4.950236,342.66107177734375,356.0184020996094,219.0
5.00024,343.3714599609375,335.0761413574219,219.0
5.05024,344.04644775390625,345.5749206542969,220.0
5.100239999999999,344.68585205078125,356.046875,220.0
5.150244,345.28961181640625,345.5472717285156,220.0
5.200248,345.8575439453125,345.5472717285156,221.0
5.250248,346.38946533203125,345.5749206542969,221.0
5.300248,346.8852233886719,356.046875,221.0
5.350248,347.3447570800781,356.046875,222.0
5.4002479999999995,347.7679138183594,356.046875,222.0
5.450252,348.1546630859375,345.5472717285156,222.0
5.500252,348.50482177734375,345.5749206542969,222.0
5.550256,348.818359375,345.5472717285156,223.0
5.60026,349.09515380859375,356.0184020996094,223.0
5.65026,349.3351745605469,356.046875,223.0
5.700264,349.538330078125,345.5472717285156,223.0
5.750268,349.7046203613281,356.0184020996094,223.0
5.800268,349.83392333984375,356.046875,223.0
5.850268,349.92626953125,356.046875,223.0
5.900272,349.98162841796875,356.0184020996094,223.0
5.950272,350.0,345.5749206542969,223.0
6.000272,349.9813232421875,356.046875,223.0
6.050276,349.9256591796875,345.5472717285156,223.0
6.10028,349.8330078125,356.0184020996094,223.0
6.150284,349.703369140625,356.0184020996094,223.0
6.200288,349.5367431640625,356.0184020996094,223.0
6.250287999999999,349.3332824707031,356.046875,223.0
6.300292,349.09295654296875,356.0184020996094,223.0
6.350296,348.8157958984375,356.0184020996094,223.0
6.400296,348.5019836425781,356.046875,222.0
6.450296,348.1514892578125,356.046875,222.0
6.500296,347.7644958496094,356.046875,222.0
6.550296,347.34100341796875,356.046875,222.0
6.6003,346.881103515625,356.0184020996094,221.0
6.650303999999999,346.385009765625,356.0184020996094,221.0
6.700304,345.852783203125,356.046875,221.0
6.750303999999999,345.28460693359375,356.046875,220.0
6.800304,344.68060302734375,356.046875,220.0
6.850304,344.04083251953125,345.5749206542969,220.0
6.900308,343.3655090332031,345.5472717285156,219.0
6.950311999999999,342.65478515625,345.5472717285156,219.0
7.000316000000001,341.90887451171875,356.0184020996094,218.0
7.050316,341.1280517578125,345.5749206542969,218.0
7.100316,340.3123474121094,335.1029357910156,217.0
7.150315999999999,339.4620361328125,345.5749206542969,217.0
7.200316,338.57733154296875,335.1029357910156,216.0
7.250316000000001,337.6584167480469,345.5749206542969,215.0
7.30032,336.7054443359375,345.5472717285156,215.0
7.350324,335.7187805175781,345.5472717285156,214.0
7.400324,334.6986999511719,335.1029357910156,214.0
7.450328,333.645263671875,345.5472717285156,213.0
7.5003280000000006,332.5589599609375,345.5749206542969,212.0
7.5503279999999995,331.43994140625,335.1029357910156,211.0
7.600328,330.28851318359375,335.1029357910156,211.0
7.650332,329.10479736328125,335.0761413574219,210.0
7.700332,327.88934326171875,324.6309814453125,209.0
7.750331999999999,326.6423645019531,324.6309814453125,208.0
7.800336000000001,325.364013671875,324.6050109863281,208.0
7.8503359999999995,324.0548095703125,335.1029357910156,207.0
7.900336,322.71502685546875,324.6309814453125,206.0
7.950335999999999,321.3449401855469,314.15899658203125,205.0
8.00034,319.94482421875,335.0761413574219,204.0
8.050339999999998,318.51519775390625,324.6309814453125,203.0
8.10034,317.0563659667969,324.6309814453125,202.0
8.150339999999998,315.5686340332031,314.15899658203125,201.0
8.200344,314.05224609375,324.6050109863281,200.0
8.250347999999999,312.50775146484375,314.1338806152344,199.0
8.300348,310.93560791015625,303.6870422363281,198.0
8.350351999999999,309.3359375,303.6627502441406,197.0
8.400355999999999,307.70928955078125,303.6627502441406,196.0
8.450359999999998,306.05609130859375,314.1338806152344,195.0
8.500364,304.3766784667969,303.6627502441406,194.0
8.550367999999999,302.67156982421875,314.1338806152344,193.0
8.600371999999998,300.94110107421875,293.1916198730469,192.0
8.650376,299.1856994628906,303.6627502441406,191.0
8.70038,297.40582275390625,293.1916198730469,190.0
8.750379999999998,295.60205078125,293.215087890625,189.0
8.800379999999999,293.7746887207031,293.215087890625,187.0
8.850383999999998,291.924072265625,293.1916198730469,186.0
8.900388,290.0507507324219,293.1916198730469,185.0
8.950387999999998,288.1553955078125,293.215087890625,184.0
9.000388,286.2382507324219,293.215087890625,183.0
9.050391999999999,284.2996826171875,282.7204895019531,181.0
9.100395999999998,282.3403015136719,282.7204895019531,180.0
9.1504,280.360595703125,293.1916198730469,179.0
9.200403999999999,278.361083984375,272.2493591308594,178.0
9.250411999999999,276.3420715332031,282.6978759765625,176.0
9.300412,274.30450439453125,272.2711486816406,175.0
9.350416,272.24847412109375,272.2493591308594,174.0
9.400419999999999,270.1745910644531,272.2493591308594,172.0
9.450423999999998,268.08343505859375,261.7782287597656,171.0
9.500428,265.9754333496094,261.7782287597656,170.0
9.550427999999998,263.851318359375,272.2711486816406,168.0
9.600432,261.7113037109375,251.30709838867188,167.0
9.650431999999999,259.55621337890625,261.7991943359375,165.0
9.700432,257.3864440917969,251.32720947265625,164.0
9.750435999999999,255.20233154296875,251.30709838867188,163.0
9.800436,253.0048065185547,251.32720947265625,161.0
9.850435999999998,250.79417419433594,251.32720947265625,160.0
9.900439999999998,248.57080078125,251.30709838867188,158.0
9.950444,246.33547973632812,240.83596801757812,157.0
10.000443999999998,244.08889770507812,230.38328552246094,156.0
10.050448,241.8312530517578,240.83596801757812,154.0
10.100447999999998,239.5634765625,230.38328552246094,153.0
10.150452,237.28570556640625,240.83596801757812,151.0
10.200455999999999,234.99879455566406,230.36485290527344,150.0
10.250459999999999,232.70323181152344,230.36485290527344,148.0
10.30046,230.39981079101562,219.91131591796875,147.0
10.350459999999998,228.08885192871094,230.38328552246094,145.0
10.400464,225.7707977294922,230.36485290527344,144.0
10.450467999999999,223.44638061523438,209.42257690429688,142.0
10.500471999999998,221.1161346435547,219.8937225341797,141.0
10.550475999999998,218.7807159423828,209.42257690429688,139.0
10.60048,216.44065856933594,209.42257690429688,138.0
10.650479999999998,214.0967254638672,209.4393310546875,136.0
10.700484,211.7491455078125,209.42257690429688,135.0
10.750483999999998,209.39878845214844,198.96737670898438,133.0
10.800483999999999,207.04617309570312,188.4954071044922,132.0
10.850487999999999,204.69161987304688,209.42257690429688,130.0
10.900491999999998,202.33592224121094,188.48033142089844,129.0
10.950491999999999,199.9798583984375,188.4954071044922,127.0
11.000492,197.62374877929688,188.4954071044922,126.0
11.050495999999999,195.26806640625,188.48033142089844,124.0
11.100499999999998,192.91351318359375,188.48033142089844,123.0
11.150503999999998,190.5607452392578,178.0092010498047,121.0
11.200503999999999,188.21047973632812,188.4954071044922,120.0
11.250504,185.8631134033203,178.0234375,118.0
11.300507999999999,183.51907348632812,167.53807067871094,117.0
11.350508,181.1792755126953,167.5514678955078,115.0
11.400511999999999,178.84390258789062,167.53807067871094,114.0
11.450511999999998,176.51400756835938,167.5514678955078,112.0
11.500511999999999,174.1898651123047,167.5514678955078,111.0
11.550512,171.87208557128906,157.07949829101562,109.0
11.600515999999999,169.5610809326172,146.59580993652344,108.0
11.650515999999998,167.25775146484375,167.5514678955078,106.0
11.700515999999999,164.96250915527344,146.6075439453125,105.0
11.750516,162.6759490966797,157.07949829101562,104.0
11.800515999999998,160.39852905273438,146.6075439453125,102.0
11.85052,158.1307373046875,146.59580993652344,101.0
11.900531999999998,155.87289428710938,136.1029052734375,99.0
11.950531999999999,153.6265411376953,136.1355743408203,98.0
12.000531999999998,151.39158630371094,146.6075439453125,96.0
12.050531999999999,149.1685791015625,136.1355743408203,95.0
12.100535999999998,146.9580078125,136.1246795654297,93.0
12.15054,144.760498046875,125.65354919433594,92.0
12.200539999999998,142.57679748535156,136.1355743408203,91.0
12.250539999999999,140.4072723388672,125.66360473632812,89.0
12.300543999999999,138.25228881835938,125.65354919433594,88.0
12.350547999999998,136.11248779296875,115.18242645263672,87.0
12.400552,133.98851013183594,125.65354919433594,85.0
12.450555999999999,131.88079833984375,115.18242645263672,84.0
12.500559999999998,129.7899169921875,115.18242645263672,83.0
12.550559999999999,127.71654510498047,115.19164276123047,81.0
12.600563999999999,125.66082000732422,115.18242645263672,80.0
12.650564,123.62356567382812,104.71966552734375,79.0
12.700563999999998,121.60517883300781,104.71966552734375,77.0
12.750568,119.60598754882812,104.71128845214844,76.0
12.800567999999998,117.62678527832031,104.71966552734375,75.0
12.850567999999999,115.66790771484375,104.71966552734375,73.0
12.900571999999999,113.72969055175781,83.76903533935547,72.0
12.950572,111.81293487548828,94.2477035522461,71.0
13.000571999999998,109.91788482666016,83.7757339477539,70.0
13.050571999999999,108.04508972167969,94.2477035522461,69.0
13.100571999999998,106.19497680664062,94.2477035522461,67.0
13.150576,104.36787414550781,83.76903533935547,66.0
13.200579999999999,102.56437683105469,83.76903533935547,65.0
13.25058,100.78504180908203,83.7757339477539,64.0
13.300579999999998,99.03022766113281,73.30377197265625,63.0
13.350579999999999,97.30030059814453,73.30377197265625,62.0
13.400579999999998,95.59568786621094,73.30377197265625,61.0
13.450579999999999,93.91685485839844,73.30377197265625,60.0
13.500583999999998,92.26406860351562,73.29790496826172,59.0
13.550583999999999,90.63800048828125,62.83180236816406,57.0
13.600587999999998,89.038818359375,73.29790496826172,56.0
13.650587999999999,87.46710968017578,62.83180236816406,55.0
13.700587999999998,85.92316436767578,62.83180236816406,54.0
13.750592,84.4072265625,62.82677459716797,53.0
13.800591999999998,82.91995239257812,52.359832763671875,53.0
13.850591999999999,81.4615707397461,62.83180236816406,52.0
13.900595999999998,80.03230285644531,62.82677459716797,51.0
13.950599999999998,78.63268280029297,41.884517669677734,50.0
14.000599999999999,77.26309204101562,62.83180236816406,49.0
14.0506,75.92378997802734,41.88786697387695,48.0
14.100599999999998,74.61509704589844,52.359832763671875,47.0
14.150599999999999,73.33734893798828,52.359832763671875,46.0
14.200603999999998,72.09072875976562,41.884517669677734,46.0
14.250611999999999,70.8756103515625,41.881168365478516,45.0
14.300615999999998,69.69245910644531,41.884517669677734,44.0
14.35062,68.54144287109375,41.884517669677734,43.0
14.400619999999998,67.42295837402344,41.88786697387695,43.0
14.450623999999998,66.33708190917969,41.884517669677734,42.0
14.500623999999998,65.28428649902344,41.88786697387695,41.0
14.550623999999997,64.26478576660156,31.41590118408203,41.0
14.600623999999998,63.27870178222656,31.41590118408203,40.0
14.650628,62.32630920410156,20.942258834838867,39.0
14.700631999999997,61.407867431640625,41.884517669677734,39.0
14.750631999999998,60.52374267578125,20.943933486938477,38.0
14.800631999999998,59.67399597167969,0.0,38.0
14.850636,58.85881042480469,0.0,37.0
14.900635999999997,58.078521728515625,0.0,37.0
14.950639999999998,57.33317565917969,0.0,36.0
15.000644,56.623077392578125,0.0,36.0
15.050647999999997,55.94830322265625,0.0,35.0
15.100647999999998,55.30918884277344,0.0,35.0
15.150652,54.70567321777344,0.0,34.0
15.200652,54.138092041015625,0.0,34.0
15.250651999999997,53.60646057128906,0.0,34.0
15.300655999999998,53.1109619140625,0.0,33.0
15.35066,52.65168762207031,0.0,33.0
15.40066,52.22880554199219,0.0,33.0
15.450663999999998,51.84236145019531,0.0,33.0
15.500663999999999,51.49249267578125,0.0,32.0
15.550668,51.17926025390625,0.0,32.0
15.600671999999998,50.902740478515625,0.0,32.0
15.650675999999999,50.66302490234375,0.0,32.0
15.70068,50.46014404296875,0.0,32.0
15.750683999999998,50.29417419433594,0.0,32.0
15.800688,50.16514587402344,0.0,32.0
15.850691999999997,50.07310485839844,0.0,32.0
15.900695999999998,50.018035888671875,0.0,31.0
15.950695999999999,50.00001525878906,0.0,31.0
16.000700000000002,50.01896667480469,0.0,31.0
16.0507,50.07496643066406,0.0,32.0
16.100704,50.167938232421875,0.0,32.0
16.150704,50.297882080078125,0.0,32.0
16.200708,50.46476745605469,0.0,32.0
16.250712,50.66856384277344,0.0,32.0
16.300716,50.90919494628906,0.0,32.0
16.350716000000002,51.18663024902344,0.0,32.0
16.40072,51.50077819824219,0.0,32.0
16.450724,51.851593017578125,0.0,33.0
16.500724,52.23890686035156,0.0,33.0
16.550728,52.662750244140625,0.0,33.0
16.600728,53.12287902832031,0.0,33.0
16.650732,53.61932373046875,0.0,34.0
16.700732,54.151824951171875,0.0,34.0
16.750736,54.72035217285156,0.0,34.0
16.800736,55.324676513671875,0.0,35.0
16.850736,55.9647216796875,0.0,35.0
16.900736000000002,56.64031982421875,0.0,36.0
16.950736,57.351226806640625,0.0,36.0
17.000736,58.097381591796875,0.0,37.0
17.05074,58.87858581542969,0.0,37.0
17.100740000000002,59.69456481933594,0.0,38.0
17.15074,60.54515075683594,0.0,38.0
17.200752,61.43037414550781,0.0,39.0
17.250756,62.349639892578125,0.0,39.0
17.30076,63.30291748046875,0.0,40.0
17.350764,64.28988647460938,0.0,41.0
17.400768,65.31034851074219,0.0,41.0
17.450772,66.36404418945312,0.0,42.0
17.500772,67.45060729980469,0.0,43.0
17.550772,68.5699462890625,0.0,43.0
17.600776,69.72174072265625,0.0,44.0
17.65078,70.90571594238281,0.0,45.0
17.700784,72.12152099609375,0.0,46.0
17.750784,73.36884307861328,0.0,46.0
17.800784,74.6473388671875,0.0,47.0
17.850784,75.95683288574219,0.0,48.0
17.900784,77.29690551757812,0.0,49.0
17.950788,78.66728210449219,0.0,50.0
18.000792,80.0677261352539,0.0,51.0
18.050796000000002,81.49768829345703,0.0,52.0
18.100796,82.95680236816406,0.0,53.0
18.1508,84.44489288330078,0.0,54.0
18.200804,85.9615707397461,0.0,54.0
18.250808,87.50630950927734,0.0,55.0
18.300812,89.07887268066406,0.0,56.0
18.350812,90.67859649658203,0.0,57.0
18.400816,92.30548858642578,0.0,59.0
18.45082,93.95890808105469,0.0,60.0
18.50082,95.6384506225586,0.0,61.0
18.550824,97.34378814697266,0.0,62.0
18.600824,99.07434844970703,0.0,63.0
18.650828,100.8299789428711,0.0,64.0
18.700828,102.60986328125,0.0,65.0
18.750832,104.41400146484375,0.0,66.0
18.800832,106.24156188964844,0.0,67.0
18.850836,108.09241485595703,0.0,69.0
18.900836,109.96578979492188,0.0,70.0
18.950836,111.86136627197266,0.0,71.0
19.00084,113.77881622314453,0.0,72.0
19.050844,115.71765899658203,0.0,74.0
19.100848,117.67718505859375,0.0,75.0
19.150848,119.65684509277344,0.0,76.0
19.200852,121.65656280517578,0.0,77.0
19.250852000000002,123.6754379272461,0.0,79.0
19.300856,125.71331787109375,0.0,80.0
19.350856,127.76929473876953,0.0,81.0
19.40086,129.84339904785156,0.0,83.0
19.450864,131.9346923828125,0.0,84.0
19.500868,134.0428466796875,0.0,85.0
19.550872000000002,136.16722106933594,0.0,87.0
19.600872,138.3072052001953,0.0,88.0
19.650872,140.46241760253906,0.0,89.0
19.700872,142.6322479248047,0.0,91.0
19.750872,144.81637573242188,0.0,92.0
19.800876,147.01417541503906,0.0,94.0
19.850876,149.22499084472656,0.0,95.0
19.900876,151.4481964111328,0.0,96.0
19.950876,153.6835174560547,0.0,98.0
20.00088,155.93032836914062,0.0,99.0
20.05088,158.1878204345703,0.0,101.0
20.10088,160.45574951171875,0.0,102.0
20.150884,162.7335205078125,0.0,104.0
20.200884,165.02041625976562,0.0,105.0
20.250884,167.3157958984375,0.0,106.0
20.300884,169.61940002441406,0.0,108.0
20.350884,171.93032836914062,0.0,109.0
20.400884,174.24827575683594,0.0,111.0
20.450888,176.57278442382812,0.0,112.0
20.500888,178.90286254882812,0.0,114.0
20.550892,181.2383575439453,0.0,115.0
20.600896,183.57839965820312,0.0,117.0
20.650896,185.92236328125,0.0,118.0
20.700896,188.26980590820312,0.0,120.0
20.750896,190.6200714111328,0.0,121.0
20.8009,192.97299194335938,0.0,123.0
20.850904,195.3275146484375,0.0,124.0
20.900908,197.68325805664062,0.0,126.0
20.950908,200.03929138183594,0.0,127.0
21.000912,202.39559936523438,0.0,129.0
21.050916,204.75125122070312,0.0,130.0
21.100916,207.10565185546875,0.0,132.0
21.150916,209.45822143554688,0.0,133.0
21.20092,211.80868530273438,0.0,135.0
21.25092,214.15594482421875,0.0,136.0
21.300924,216.5,0.0,138.0
21.350928,218.83990478515625,0.0,139.0
21.400932,221.17529296875,0.0,141.0
21.450936,223.5053253173828,0.0,142.0
21.50094,225.82955932617188,0.0,144.0
21.55094,228.14727783203125,0.0,145.0
21.600944,230.45819091796875,0.0,147.0
21.650944,232.7615203857422,62.83180236816406,148.0
21.700948,235.0568389892578,167.53807067871094,150.0
21.750952,237.34356689453125,209.42257690429688,151.0
21.800952,239.62088012695312,230.38328552246094,153.0
21.850952,241.88841247558594,230.38328552246094,154.0
21.900956,244.14573669433594,230.36485290527344,156.0
21.950956,246.3920440673828,230.38328552246094,157.0
22.00096,248.62710571289062,230.36485290527344,158.0
22.05096,250.8498992919922,240.85523986816406,160.0
22.10096,253.06027221679688,230.38328552246094,161.0
22.150964,255.25762939453125,240.83596801757812,163.0
22.200964,257.4412841796875,251.32720947265625,164.0
22.250968,259.61083984375,251.30709838867188,166.0
22.300972,261.7657165527344,251.30709838867188,167.0
22.350976,263.9053039550781,251.30709838867188,168.0
22.40098,266.0292053222656,261.7782287597656,170.0
22.45098,268.1365966796875,261.7991943359375,171.0
22.50098,270.22711181640625,261.7991943359375,172.0
22.550984,272.30059814453125,261.7782287597656,174.0
22.600984,274.35601806640625,272.2711486816406,175.0
22.650988,276.39324951171875,272.2493591308594,176.0
22.700992,278.41162109375,272.2493591308594,178.0
22.750992,280.4105529785156,272.2711486816406,179.0
22.800996,282.38970947265625,272.2493591308594,180.0
22.850996,284.348388671875,272.2711486816406,181.0
22.900996,286.28631591796875,272.2711486816406,183.0
22.951,288.20306396484375,282.7204895019531,184.0
23.001,290.097900390625,272.2711486816406,185.0
23.051004,291.97064208984375,282.7204895019531,186.0
23.101004,293.820556640625,293.215087890625,187.0
23.151004,295.6473083496094,293.215087890625,189.0
23.201008,297.4506530761719,293.1916198730469,190.0
23.251008,299.2297058105469,293.215087890625,191.0
23.301008,300.9844055175781,293.215087890625,192.0
23.351008,302.714111328125,303.6870422363281,193.0
23.401008,304.41845703125,303.6870422363281,194.0
23.451008,306.09710693359375,303.6870422363281,195.0
23.501008,307.74951171875,303.6870422363281,196.0
23.551008,309.3753967285156,314.15899658203125,197.0
23.601012,310.974365234375,303.6627502441406,198.0
23.651012,312.5457763671875,303.6870422363281,199.0
23.701012,314.08953857421875,303.6870422363281,200.0
23.751016,315.6051940917969,314.1338806152344,201.0
23.80102,317.0923767089844,314.1338806152344,202.0
23.85102,318.550537109375,314.15899658203125,203.0
23.90102,319.9794006347656,314.15899658203125,204.0
23.95102,321.3786926269531,314.15899658203125,205.0
24.001024,322.7481689453125,324.6050109863281,206.0
24.051028,324.0872802734375,314.1338806152344,207.0
24.101028,325.3957214355469,335.1029357910156,208.0
24.151028,326.6732177734375,314.15899658203125,208.0
24.201032,327.9195251464844,324.6050109863281,209.0
24.251036,329.1343078613281,335.0761413574219,210.0
24.30104,330.31719970703125,335.0761413574219,211.0
24.351043999999998,331.4679870605469,335.0761413574219,211.0
24.401044,332.586181640625,335.1029357910156,212.0
24.451048,333.6717529296875,335.0761413574219,213.0
24.501052,334.7243347167969,335.0761413574219,214.0
24.551056,335.74371337890625,335.0761413574219,214.0
24.60106,336.72955322265625,335.0761413574219,215.0
24.65106,337.68157958984375,345.5749206542969,215.0
24.70106,338.59967041015625,335.1029357910156,216.0
24.75106,339.4835205078125,335.1029357910156,217.0
24.801064,340.3330383300781,345.5472717285156,217.0
24.851064,341.14788818359375,335.1029357910156,218.0
24.901064,341.9278869628906,345.5749206542969,218.0
24.951068,342.67291259765625,345.5472717285156,219.0
25.001068,343.3826904296875,345.5749206542969,219.0
25.051072,344.05712890625,356.0184020996094,220.0
25.101076,344.6960144042969,345.5472717285156,220.0
25.151084,345.29925537109375,345.5196533203125,220.0
25.201088,345.8665771484375,345.5472717285156,221.0
25.251092,346.39794921875,356.0184020996094,221.0
25.301092,346.89312744140625,356.046875,221.0
25.351096,347.35205078125,356.0184020996094,222.0
25.4011,347.774658203125,356.0184020996094,222.0
25.451104,348.1607971191406,345.5472717285156,222.0
25.501108,348.5103759765625,356.0184020996094,222.0
25.551112,348.82330322265625,345.5472717285156,223.0
25.601116,349.0994873046875,345.5472717285156,223.0
25.651116,349.3388977050781,345.5749206542969,223.0
25.70112,349.54144287109375,356.0184020996094,223.0
25.751124,349.70709228515625,345.5472717285156,223.0
25.801124,349.8358154296875,345.5749206542969,223.0
25.851128,349.9275207519531,345.5472717285156,223.0
25.901132,349.98223876953125,356.0184020996094,223.0
25.951132,350.0,345.5749206542969,223.0
26.001132,349.980712890625,356.046875,223.0
26.051132,349.9244079589844,356.046875,223.0
26.101136,349.83111572265625,356.0184020996094,223.0
26.151136,349.70086669921875,356.046875,223.0
26.20114,349.5336608886719,356.0184020996094,223.0
26.251144,349.3295593261719,356.0184020996094,223.0
26.301148,349.0885925292969,356.0184020996094,223.0
26.351148,348.81085205078125,356.046875,223.0
26.401152,348.49639892578125,356.0184020996094,222.0
26.451156,348.1452941894531,356.0184020996094,222.0
26.50116,347.75762939453125,356.0184020996094,222.0
26.551164,347.33349609375,356.0184020996094,222.0
26.601164,346.8730163574219,356.046875,221.0
26.651168,346.3763427734375,356.0184020996094,221.0
26.701168,345.8434753417969,356.046875,221.0
26.751172,345.274658203125,345.5472717285156,220.0
26.801175999999998,344.6699523925781,345.5472717285156,220.0
26.851176,344.02960205078125,335.1029357910156,220.0
26.901176,343.3537292480469,345.5749206542969,219.0
26.95118,342.64239501953125,356.0184020996094,219.0
27.001184,341.8959045410156,345.5472717285156,218.0
27.051184,341.11444091796875,335.1029357910156,218.0
27.101188,340.298095703125,356.0184020996094,217.0
27.151191999999998,339.4471435546875,345.5472717285156,217.0
27.201192,338.5618591308594,345.5749206542969,216.0
27.251196,337.6422424316406,345.5472717285156,215.0
27.301196,336.68878173828125,335.1029357910156,215.0
27.351195999999998,335.70159912109375,335.1029357910156,214.0
27.401196,334.680908203125,335.1029357910156,214.0
27.451196,333.6270751953125,335.1029357910156,213.0
27.5012,332.54010009765625,335.0761413574219,212.0
27.551204,331.42047119140625,335.0761413574219,211.0
27.601204,330.2684326171875,335.1029357910156,211.0
27.651208,329.084228515625,335.0761413574219,210.0
27.701208,327.8681640625,335.1029357910156,209.0
27.751212,326.62054443359375,324.6050109863281,208.0
27.801216,325.3416748046875,324.6050109863281,208.0
27.851216,324.0319519042969,335.1029357910156,207.0
27.901215999999998,322.691650390625,324.6309814453125,206.0
27.95122,321.3209533691406,314.1338806152344,205.0
28.001224,319.92034912109375,324.6050109863281,204.0
28.051228,318.49005126953125,324.6050109863281,203.0
28.101236,317.030517578125,324.57904052734375,202.0
28.15124,315.5420837402344,314.1338806152344,201.0
28.201244,314.0252380371094,314.1338806152344,200.0
28.251248,312.4802551269531,314.1338806152344,199.0
28.301251999999998,310.90753173828125,324.6050109863281,198.0
28.351256,309.30731201171875,314.1338806152344,197.0
28.40126,307.68023681640625,303.6627502441406,196.0
28.45126,306.0267028808594,303.6870422363281,195.0
28.501264,304.34686279296875,303.6627502441406,194.0
28.551268,302.6412353515625,314.1338806152344,193.0
28.601268,300.9104309082031,293.215087890625,192.0
28.651272,299.1546325683594,303.6627502441406,191.0
28.701272,297.3744812011719,293.215087890625,190.0
28.751276,295.570068359375,303.6627502441406,189.0
28.801276,293.742431640625,303.6870422363281,187.0
28.851276,291.89154052734375,293.215087890625,186.0
28.901276,290.0179748535156,293.215087890625,185.0
28.951276,288.1222229003906,293.215087890625,184.0
29.00128,0.0,293.1916198730469,0.0
29.051284,0.0,146.59580993652344,0.0
29.101284,0.0,41.88786697387695,0.0
29.151284,0.0,0.0,0.0
29.201287999999998,0.0,0.0,0.0
29.251292,0.0,0.0,0.0
29.301292,0.0,0.0,0.0
29.351296,0.0,0.0,0.0
29.4013,0.0,0.0,0.0
29.451304,0.0,0.0,0.0
29.501304,0.0,0.0,0.0
29.551308,0.0,0.0,0.0
29.601308,0.0,0.0,0.0
29.651312,0.0,0.0,0.0
29.701316,0.0,0.0,0.0
29.75132,0.0,0.0,0.0
29.801324,0.0,0.0,0.0
29.851328,0.0,0.0,0.0
29.901328,0.0,0.0,0.0
29.951332,0.0,0.0,0.0
