Time,Pulses,wm,PWM,Vbus
0.0,0.0,0.0,0.0,5.000004768371582
0.05000399999999994,0.0,0.0,0.0,5.000004768371582
0.10000399999999998,0.0,0.0,0.0,5.000004768371582
0.15000799999999992,0.0,0.0,0.0,5.000004768371582
0.20000799999999996,0.0,0.0,0.0,5.000004768371582
0.2500119999999999,0.0,0.0,0.0,5.000004768371582
0.30001199999999995,0.0,0.0,0.0,5.000004768371582
0.350012,0.0,0.0,0.0,5.000004768371582
0.4000159999999999,0.0,0.0,0.0,5.000004768371582
0.45001599999999997,0.0,0.0,0.0,5.000004768371582
0.500016,0.0,0.0,0.0,5.000004768371582
0.55002,0.0,0.0,0.0,5.000004768371582
0.6000199999999998,0.0,0.0,0.0,5.000004768371582
0.65002,0.0,0.0,0.0,5.000004768371582
0.700024,0.0,0.0,0.0,5.000004768371582
0.7500239999999998,0.0,0.0,0.0,5.000004768371582
0.8000279999999997,0.0,0.0,0.0,5.000004768371582
0.850028,0.0,0.0,0.0,5.000004768371582
0.9000279999999998,0.0,0.0,0.0,5.000004768371582
0.9500280000000001,0.0,0.0,0.0,5.000004768371582
1.000032,0.0,0.0,0.0,5.000004768371582
1.0500319999999999,0.0,0.0,0.0,5.000004768371582
1.1000359999999998,0.0,0.0,0.0,5.000004768371582
1.150036,0.0,0.0,0.0,5.000004768371582
1.2000359999999999,0.0,0.0,0.0,5.000004768371582
1.2500359999999997,0.0,0.0,0.0,5.000004768371582
1.30004,0.0,0.0,0.0,5.000004768371582
1.35004,0.0,0.0,0.0,5.000004768371582
1.4000439999999998,0.0,0.0,0.0,5.000004768371582
1.450044,0.0,0.0,0.0,5.000004768371582
1.500044,0.0,0.0,0.0,5.000004768371582
1.5500439999999998,0.0,0.0,0.0,5.000004768371582
1.6000479999999997,0.0,0.0,0.0,5.000004768371582
1.650048,0.0,0.0,0.0,5.000004768371582
1.700052,0.0,0.0,0.0,5.000004768371582
1.7500519999999997,0.0,0.0,0.0,5.000004768371582
1.800052,0.0,0.0,0.0,5.000004768371582
1.8500519999999998,0.0,0.0,0.0,5.000004768371582
1.9000559999999997,0.0,0.0,0.0,5.000004768371582
1.950056,0.0,0.0,0.0,5.000004768371582
2.00006,0.0,0.0,0.0,5.000004768371582
2.0500599999999998,0.0,0.0,0.0,5.000004768371582
2.10006,0.0,0.0,0.0,5.000004768371582
2.15006,0.0,0.0,0.0,5.000004768371582
2.200064,0.0,0.0,0.0,5.000004768371582
2.250064,0.0,0.0,0.0,5.000004768371582
2.300068,0.0,0.0,0.0,5.000004768371582
2.350068,0.0,0.0,0.0,5.000004768371582
2.4000679999999996,0.0,0.0,0.0,5.000004768371582
2.450072,0.0,0.0,0.0,5.000004768371582
2.500072,0.0,0.0,0.0,5.000004768371582
2.5500719999999997,0.0,0.0,0.0,5.000004768371582
2.600076,0.0,0.0,0.0,5.000004768371582
2.650076,0.0,0.0,0.0,5.000004768371582
2.7000759999999997,0.0,0.0,0.0,5.000004768371582
2.75008,0.0,0.0,0.0,5.000004768371582
2.80008,0.0,0.0,0.0,5.000004768371582
2.8500839999999994,0.0,0.0,0.0,5.000004768371582
2.900084,0.0,0.0,0.0,5.000004768371582
2.950084,0.0,0.0,0.0,5.000004768371582
3.0000839999999998,0.0,0.0,0.0,5.000004768371582
3.050088,0.0,0.0,0.0,5.000004768371582
3.100088,0.0,0.0,0.0,5.000004768371582
3.1500919999999994,0.0,0.0,0.0,5.000004768371582
3.200092,0.0,0.0,0.0,5.000004768371582
3.250092,0.0,0.0,0.0,5.000004768371582
3.300092,0.0,0.0,0.0,5.000004768371582
3.350096,0.0,0.0,0.0,5.000004768371582
3.400096,0.0,0.0,0.0,5.000004768371582
3.4500999999999995,0.0,0.0,0.0,5.000004768371582
3.5001,0.0,0.0,0.0,5.000004768371582
3.5501,0.0,0.0,0.0,5.000004768371582
3.6001,0.0,0.0,0.0,5.000004768371582
3.6501040000000002,0.0,0.0,0.0,5.000004768371582
3.700104,0.0,0.0,0.0,5.000004768371582
3.7501079999999996,0.0,0.0,0.0,5.000004768371582
3.8001079999999994,0.0,0.0,0.0,5.000004768371582
3.850108,0.0,0.0,0.0,5.000004768371582
3.900108,0.0,0.0,0.0,5.000004768371582
3.9501119999999994,0.0,0.0,0.0,5.000004768371582
4.000112,0.0,0.0,0.0,5.000004768371582
4.050115999999999,0.0,0.0,0.0,5.000004768371582
4.100116,0.0,0.0,0.0,5.000004768371582
4.150116000000001,0.0,0.0,0.0,5.000004768371582
4.2001159999999995,0.0,0.0,0.0,5.000004768371582
4.250119999999999,0.0,0.0,0.0,5.000004768371582
4.30012,0.0,0.0,0.0,5.000004768371582
4.350123999999999,0.0,0.0,0.0,5.000004768371582
4.400124,0.0,0.0,0.0,5.000004768371582
4.450124000000001,0.0,0.0,0.0,5.000004768371582
4.500131999999999,0.0,0.0,0.0,5.000004768371582
4.550136,0.0,0.0,0.0,5.000004768371582
4.600135999999999,0.0,0.0,20.0,5.000004768371582
4.65014,0.0,0.0,20.0,5.000004768371582
4.700139999999999,0.0,0.0,20.0,5.000004768371582
4.75014,0.0,0.0,20.0,5.000004768371582
4.8001439999999995,0.0,0.0,20.0,5.000004768371582
4.850144,0.0,0.0,20.0,5.000004768371582
4.900143999999999,0.0,0.0,20.0,5.000004768371582
4.950148,0.0,0.0,20.0,5.000004768371582
5.000147999999999,0.0,0.0,20.0,5.000004768371582
5.050148,0.0,0.0,20.0,5.000004768371582
5.100152,0.0,0.0,20.0,5.000004768371582
5.150152,0.0,0.0,20.0,5.000004768371582
5.200156,0.0,0.0,20.0,5.000004768371582
5.2501560000000005,0.0,0.0,20.0,5.000004768371582
5.300155999999999,0.0,0.0,20.0,5.000004768371582
5.350156,0.0,0.0,20.0,5.000004768371582
5.40016,0.0,0.0,20.0,5.000004768371582
5.45016,0.0,0.0,20.0,5.000004768371582
5.500164,0.0,0.0,20.0,5.000004768371582
5.5501640000000005,0.0,0.0,20.0,5.000004768371582
5.6001639999999995,0.0,0.0,20.0,5.000004768371582
5.650164,0.0,0.0,20.0,5.000004768371582
5.700168,0.0,0.0,20.0,5.000004768371582
5.750168,0.0,0.0,20.0,5.000004768371582
5.800172,0.0,0.0,20.0,5.000004768371582
5.850171999999999,0.0,0.0,20.0,5.000004768371582
5.9001719999999995,0.0,0.0,20.0,5.000004768371582
5.950172,0.0,0.0,20.0,5.000004768371582
6.000176,0.0,0.0,20.0,5.000004768371582
6.050176,0.0,0.0,20.0,5.000004768371582
6.10018,0.0,0.0,20.0,5.000004768371582
6.150179999999999,0.0,0.0,20.0,5.000004768371582
6.20018,0.0,0.0,20.0,5.000004768371582
6.25018,0.0,0.0,20.0,5.000004768371582
6.300184,0.0,0.0,20.0,5.000004768371582
6.3501840000000005,0.0,0.0,20.0,5.000004768371582
6.400188,0.0,0.0,20.0,5.000004768371582
6.450187999999999,0.0,0.0,20.0,5.000004768371582
6.500188,0.0,0.0,20.0,5.000004768371582
6.550188,0.0,0.0,20.0,5.000004768371582
6.600192,0.0,0.0,20.0,5.000004768371582
6.6501920000000005,0.0,0.0,20.0,5.000004768371582
6.700196,0.0,0.0,20.0,5.000004768371582
6.750196000000001,0.0,0.0,20.0,5.000004768371582
6.800196,0.0,0.0,20.0,5.000004768371582
6.850200000000001,0.0,0.0,20.0,5.000004768371582
6.9002,0.0,0.0,20.0,5.000004768371582
6.950200000000001,0.0,0.0,20.0,5.000004768371582
7.000204,0.0,0.0,20.0,5.000004768371582
7.050204000000001,0.0,0.0,20.0,5.000004768371582
7.100204,0.0,0.0,20.0,5.000004768371582
7.150207999999999,0.0,0.0,20.0,5.000004768371582
7.200208,0.0,0.0,20.0,5.000004768371582
7.250211999999999,0.0,0.0,20.0,5.000004768371582
7.300212,0.0,0.0,20.0,5.000004768371582
7.350212000000001,0.0,0.0,20.0,5.000004768371582
7.400212,0.0,0.0,20.0,5.000004768371582
7.450215999999999,0.0,0.0,20.0,5.000004768371582
7.500216,0.0,0.0,20.0,5.000004768371582
7.5502199999999995,0.0,0.0,20.0,5.000004768371582
7.60022,0.0,0.0,20.0,5.000004768371582
7.650220000000001,0.0,0.0,20.0,5.000004768371582
7.70022,0.0,0.0,20.0,5.000004768371582
7.750223999999999,0.0,0.0,20.0,5.000004768371582
7.800224,0.0,0.0,20.0,5.000004768371582
7.8502279999999995,0.0,0.0,20.0,5.000004768371582
7.900228,0.0,0.0,20.0,5.000004768371582
7.950227999999999,0.0,0.0,20.0,5.000004768371582
8.000228,0.0,0.0,20.0,5.000004768371582
8.050232,0.0,0.0,20.0,5.000004768371582
8.100232,0.0,0.0,20.0,5.000004768371582
8.150236,0.0,0.0,20.0,5.000004768371582
8.200236,0.0,0.0,20.0,5.000004768371582
8.250236,0.0,0.0,20.0,5.000004768371582
8.300236,0.0,0.0,20.0,5.000004768371582
8.35024,0.0,0.0,20.0,5.000004768371582
8.40024,0.0,0.0,20.0,5.000004768371582
8.450244,0.0,0.0,20.0,5.000004768371582
8.500244,0.0,0.0,20.0,5.000004768371582
8.550244,0.0,0.0,20.0,5.000004768371582
8.600244,0.0,0.0,20.0,5.000004768371582
8.650248,0.0,0.0,20.0,5.000004768371582
8.700248,0.0,0.0,20.0,5.000004768371582
8.750252,0.0,0.0,20.0,5.000004768371582
8.800252,0.0,0.0,20.0,5.000004768371582
8.850252,0.0,0.0,20.0,5.000004768371582
8.90026,0.0,0.0,20.0,5.000004768371582
8.950264,0.0,0.0,20.0,5.000004768371582
9.000264,0.0,0.0,20.0,5.000004768371582
9.050268,0.0,0.0,20.0,5.000004768371582
9.100268,0.0,0.0,20.0,5.000004768371582
9.150268,0.0,0.0,20.0,5.000004768371582
9.200272,0.0,0.0,20.0,5.000004768371582
9.250272,0.0,0.0,20.0,5.000004768371582
9.300272,0.0,0.0,20.0,5.000004768371582
9.350276,0.0,0.0,20.0,5.000004768371582
9.400276,0.0,0.0,20.0,5.000004768371582
9.450276,0.0,0.0,20.0,5.000004768371582
9.50028,0.0,0.0,20.0,5.000004768371582
9.55028,0.0,0.0,20.0,5.000004768371582
9.600284,0.0,0.0,20.0,5.000004768371582
9.650284,0.0,0.0,20.0,5.000004768371582
9.700284,0.0,0.0,20.0,5.000004768371582
9.750284,0.0,0.0,20.0,5.000004768371582
9.800288,0.0,0.0,20.0,5.000004768371582
9.850288,0.0,0.0,20.0,5.000004768371582
9.900292,0.0,0.0,20.0,5.000004768371582
9.950292,0.0,0.0,20.0,5.000004768371582
10.000292,0.0,0.0,20.0,5.000004768371582
10.050292,0.0,0.0,20.0,5.000004768371582
10.100296,0.0,0.0,20.0,5.000004768371582
10.150295999999999,0.0,0.0,20.0,5.000004768371582
10.2003,0.0,0.0,20.0,5.000004768371582
10.2503,0.0,0.0,20.0,5.000004768371582
10.3003,0.0,0.0,20.0,5.000004768371582
10.3503,0.0,0.0,20.0,5.000004768371582
10.400304,0.0,0.0,20.0,5.000004768371582
10.450304,0.0,0.0,20.0,5.000004768371582
10.500308,0.0,0.0,20.0,5.000004768371582
10.550308,0.0,0.0,20.0,5.000004768371582
10.600308,0.0,0.0,40.0,5.000004768371582
10.650308,0.0,0.0,40.0,5.000004768371582
10.700312,0.0,0.0,40.0,5.000004768371582
10.750312,0.0,0.0,40.0,5.000004768371582
10.800316,0.0,0.0,40.0,5.000004768371582
10.850316,0.0,0.0,40.0,5.000004768371582
10.900316,0.0,0.0,40.0,5.000004768371582
10.950315999999999,0.0,0.0,40.0,5.000004768371582
11.00032,0.0,0.0,40.0,5.000004768371582
11.05032,0.0,0.0,40.0,5.000004768371582
11.100324,0.0,0.0,40.0,5.000004768371582
11.150324,0.0,0.0,40.0,5.000004768371582
11.200324,0.0,0.0,40.0,5.000004768371582
11.250328,0.0,0.0,40.0,5.000004768371582
11.300328,0.0,0.0,40.0,5.000004768371582
11.350328,0.0,0.0,40.0,5.000004768371582
11.400332,0.0,0.0,40.0,5.000004768371582
11.450332,0.0,0.0,40.0,5.000004768371582
11.500332,0.0,0.0,40.0,5.000004768371582
11.550336,0.0,0.0,40.0,5.000004768371582
11.600336,0.0,0.0,40.0,5.000004768371582
11.65034,0.0,0.0,40.0,5.000004768371582
11.70034,0.0,0.0,40.0,5.000004768371582
11.75034,0.0,0.0,40.0,5.000004768371582
11.80034,0.0,0.0,40.0,5.000004768371582
11.850344,0.0,0.0,40.0,5.000004768371582
11.900344,0.0,0.0,40.0,5.000004768371582
11.950348,0.0,0.0,40.0,5.000004768371582
12.000348,0.0,0.0,40.0,5.000004768371582
12.050348,0.0,0.0,40.0,5.000004768371582
12.100348,0.0,0.0,40.0,5.000004768371582
12.150352,0.0,0.0,40.0,5.000004768371582
12.200352,0.0,0.0,40.0,5.000004768371582
12.250356,0.0,0.0,40.0,5.000004768371582
12.300356,0.0,0.0,40.0,5.000004768371582
12.350356,0.0,0.0,40.0,5.000004768371582
12.400356,0.0,0.0,40.0,5.000004768371582
12.45036,0.0,0.0,40.0,5.000004768371582
12.50036,0.0,0.0,40.0,5.000004768371582
12.550364,0.0,0.0,40.0,5.000004768371582
12.600363999999999,0.0,0.0,40.0,5.000004768371582
12.650364,0.0,0.0,40.0,5.000004768371582
12.700364,0.0,0.0,40.0,5.000004768371582
12.750368,0.0,0.0,40.0,5.000004768371582
12.800368,0.0,0.0,40.0,5.000004768371582
12.850372,0.0,0.0,40.0,5.000004768371582
12.900371999999999,0.0,0.0,40.0,5.000004768371582
12.950372,0.0,0.0,40.0,5.000004768371582
13.000372,0.0,0.0,40.0,5.000004768371582
13.050376,0.0,0.0,40.0,5.000004768371582
13.100376,0.0,0.0,40.0,5.000004768371582
13.15038,0.0,0.0,40.0,5.000004768371582
13.20038,0.0,0.0,40.0,5.000004768371582
13.25038,0.0,0.0,40.0,5.000004768371582
13.300388,0.0,0.0,40.0,5.000004768371582
13.350392,0.0,0.0,40.0,5.000004768371582
13.400392,0.0,0.0,40.0,5.000004768371582
13.450396,0.0,0.0,40.0,5.000004768371582
13.500396,0.0,0.0,40.0,5.000004768371582
13.550396,0.0,0.0,40.0,5.000004768371582
13.6004,0.0,0.0,40.0,5.000004768371582
13.6504,0.0,0.0,40.0,5.000004768371582
13.7004,0.0,0.0,40.0,5.000004768371582
13.750404,0.0,0.0,40.0,5.000004768371582
13.800404,0.0,0.0,40.0,5.000004768371582
13.850404,0.0,0.0,40.0,5.000004768371582
13.900408,0.0,0.0,40.0,5.000004768371582
13.950408,0.0,0.0,40.0,5.000004768371582
14.000411999999999,0.0,0.0,40.0,5.000004768371582
14.050412,0.0,0.0,40.0,5.000004768371582
14.100412,0.0,0.0,40.0,5.000004768371582
14.150412,0.0,0.0,40.0,5.000004768371582
14.200416,0.0,0.0,40.0,5.000004768371582
14.250416,0.0,0.0,40.0,5.000004768371582
14.300419999999999,0.0,0.0,40.0,5.000004768371582
14.35042,0.0,0.0,40.0,5.000004768371582
14.40042,0.0,0.0,40.0,5.000004768371582
14.45042,0.0,0.0,40.0,5.000004768371582
14.500423999999999,0.0,0.0,40.0,5.000004768371582
14.550424,0.0,0.0,40.0,5.000004768371582
14.600428,0.0,0.0,40.0,5.000004768371582
14.650427999999998,0.0,0.0,40.0,5.000004768371582
14.700427999999999,0.0,0.0,40.0,5.000004768371582
14.750428,0.0,0.0,40.0,5.000004768371582
14.800432,0.0,0.0,40.0,5.000004768371582
14.850432000000001,0.0,0.0,40.0,5.000004768371582
14.900436,0.0,0.0,40.0,5.000004768371582
14.950436,0.0,0.0,40.0,5.000004768371582
15.000436,0.0,0.0,40.0,5.000004768371582
15.050436000000001,0.0,0.0,40.0,5.000004768371582
15.100439999999999,0.0,0.0,40.0,5.000004768371582
15.15044,0.0,0.0,40.0,5.000004768371582
15.200444000000001,0.0,0.0,40.0,5.000004768371582
15.250443999999998,0.0,0.0,40.0,5.000004768371582
15.300443999999999,0.0,0.0,40.0,5.000004768371582
15.350444,0.0,0.0,40.0,5.000004768371582
15.400448,0.0,0.0,40.0,5.000004768371582
15.450447999999998,0.0,0.0,40.0,5.000004768371582
15.500452,0.0,0.0,40.0,5.000004768371582
15.550452,0.0,0.0,40.0,5.000004768371582
15.600452,0.0,0.0,40.0,5.000004768371582
15.650455999999998,0.0,0.0,40.0,5.000004768371582
15.700455999999999,0.0,0.0,40.0,5.000004768371582
15.750456,0.0,0.0,40.0,5.000004768371582
15.800460000000001,0.0,0.0,40.0,5.000004768371582
15.850459999999998,0.0,0.0,40.0,5.000004768371582
15.900459999999999,0.0,0.0,40.0,5.000004768371582
15.950464,0.0,0.0,40.0,5.000004768371582
16.000464,0.0,0.0,40.0,5.000004768371582
16.050468,0.0,0.0,40.0,5.000004768371582
16.100468,0.0,0.0,40.0,5.000004768371582
16.150468,0.0,0.0,40.0,5.000004768371582
16.200468,0.0,0.0,40.0,5.000004768371582
16.250472,0.0,0.0,40.0,5.000004768371582
16.300472,0.0,0.0,40.0,5.000004768371582
16.350476,0.0,0.0,40.0,5.000004768371582
16.400476,0.0,0.0,40.0,5.000004768371582
16.450476,0.0,0.0,40.0,5.000004768371582
16.500476,0.0,0.0,40.0,5.000004768371582
16.55048,0.0,0.0,40.0,5.000004768371582
16.60048,0.0,0.0,60.0,5.000004768371582
16.650484,0.0,0.0,60.0,5.000004768371582
16.700484,0.0,0.0,60.0,5.000004768371582
16.750484,0.0,0.0,60.0,5.000004768371582
16.800484,0.0,0.0,60.0,5.000004768371582
16.850488,0.0,0.0,60.0,5.000004768371582
16.900488,0.0,0.0,60.0,5.000004768371582
16.950492,0.0,0.0,60.0,5.000004768371582
17.000492,0.0,0.0,60.0,5.000004768371582
17.050492,0.0,0.0,60.0,5.000004768371582
17.100492,0.0,0.0,60.0,5.000004768371582
17.150496,0.0,0.0,60.0,5.000004768371582
17.200496,0.0,0.0,60.0,5.000004768371582
17.2505,0.0,0.0,60.0,5.000004768371582
17.3005,0.0,0.0,60.0,5.000004768371582
17.3505,0.0,0.0,60.0,5.000004768371582
17.4005,0.0,0.0,60.0,5.000004768371582
17.450504,0.0,0.0,60.0,5.000004768371582
17.500504,0.0,0.0,60.0,5.000004768371582
17.550508,0.0,0.0,60.0,5.000004768371582
17.600508,0.0,0.0,60.0,5.000004768371582
17.650508,0.0,0.0,60.0,5.000004768371582
17.700516,0.0,0.0,60.0,5.000004768371582
17.750519999999998,0.0,0.0,60.0,5.000004768371582
17.80052,0.0,0.0,60.0,5.000004768371582
17.850524,0.0,0.0,60.0,5.000004768371582
17.900524,0.0,0.0,60.0,5.000004768371582
17.950523999999998,0.0,0.0,60.0,5.000004768371582
18.000528,0.0,0.0,60.0,5.000004768371582
18.050528,0.0,0.0,60.0,5.000004768371582
18.100528,0.0,0.0,60.0,5.000004768371582
18.150532,0.0,0.0,60.0,5.000004768371582
18.200532,0.0,0.0,60.0,5.000004768371582
18.250532,0.0,0.0,60.0,5.000004768371582
18.300536,0.0,0.0,60.0,5.000004768371582
18.350535999999998,0.0,0.0,60.0,5.000004768371582
18.40054,0.0,0.0,60.0,5.000004768371582
18.45054,0.0,0.0,60.0,5.000004768371582
18.50054,0.0,0.0,60.0,5.000004768371582
18.550539999999998,0.0,0.0,60.0,5.000004768371582
18.600544,0.0,0.0,60.0,5.000004768371582
18.650544,0.0,0.0,60.0,5.000004768371582
18.700548,0.0,0.0,60.0,5.000004768371582
18.750548,0.0,0.0,60.0,5.000004768371582
18.800548,0.0,0.0,60.0,5.000004768371582
18.850548,0.0,0.0,60.0,5.000004768371582
18.900552,0.0,0.0,60.0,5.000004768371582
18.950552,0.0,0.0,60.0,5.000004768371582
19.000556,0.0,0.0,60.0,5.000004768371582
19.050556,0.0,0.0,60.0,5.000004768371582
19.100556,0.0,0.0,60.0,5.000004768371582
19.150555999999998,0.0,0.0,60.0,5.000004768371582
19.20056,0.0,0.0,60.0,5.000004768371582
19.25056,0.0,0.0,60.0,5.000004768371582
19.300563999999998,0.0,0.0,60.0,5.000004768371582
19.350564,0.0,0.0,60.0,5.000004768371582
19.400564,0.0,0.0,60.0,5.000004768371582
19.450564,0.0,0.0,60.0,5.000004768371582
19.500568,0.0,0.0,60.0,5.000004768371582
19.550568,0.0,0.0,60.0,5.000004768371582
19.600572,0.0,0.0,60.0,5.000004768371582
19.650572,0.0,0.0,60.0,5.000004768371582
19.700572,0.0,0.0,60.0,5.000004768371582
19.750572,0.0,0.0,60.0,5.000004768371582
19.800576,0.0,0.0,60.0,5.000004768371582
19.850576,0.0,0.0,60.0,5.000004768371582
19.900579999999998,0.0,0.0,60.0,5.000004768371582
19.95058,0.0,0.0,60.0,5.000004768371582
20.00058,0.0,0.0,60.0,5.000004768371582
20.050584,0.0,0.0,60.0,5.000004768371582
20.100583999999998,0.0,0.0,60.0,5.000004768371582
20.150584,0.0,0.0,60.0,5.000004768371582
20.200588,0.0,0.0,60.0,5.000004768371582
20.250588,0.0,0.0,60.0,5.000004768371582
20.300588,0.0,0.0,60.0,5.000004768371582
20.350592,0.0,0.0,60.0,5.000004768371582
20.400592,0.0,0.0,60.0,5.000004768371582
20.450596,0.0,0.0,60.0,5.000004768371582
20.500595999999998,0.0,0.0,60.0,5.000004768371582
20.550596,0.0,0.0,60.0,5.000004768371582
20.600596,0.0,0.0,60.0,5.000004768371582
20.6506,0.0,0.0,60.0,5.000004768371582
20.700599999999998,0.0,0.0,60.0,5.000004768371582
20.750604,0.0,0.0,60.0,5.000004768371582
20.800604,0.0,0.0,60.0,5.000004768371582
20.850604,0.0,0.0,60.0,5.000004768371582
20.900603999999998,0.0,0.0,60.0,5.000004768371582
20.950608,0.0,0.0,60.0,5.000004768371582
21.000608,0.0,0.0,60.0,5.000004768371582
21.050612,0.0,0.0,60.0,5.000004768371582
21.100611999999998,0.0,0.0,60.0,5.000004768371582
21.150612,0.0,0.0,60.0,5.000004768371582
21.200612,0.0,0.0,60.0,5.000004768371582
21.250616,0.0,0.0,60.0,5.000004768371582
21.300615999999998,0.0,0.0,60.0,5.000004768371582
21.35062,0.0,0.0,60.0,5.000004768371582
21.40062,0.0,0.0,60.0,5.000004768371582
21.45062,0.0,0.0,60.0,5.000004768371582
21.500619999999998,0.0,0.0,60.0,5.000004768371582
21.550624,0.0,0.0,60.0,5.000004768371582
21.600624,0.0,0.0,60.0,5.000004768371582
21.650628,0.0,0.0,60.0,5.000004768371582
21.700628,0.0,0.0,60.0,5.000004768371582
21.750628,0.0,0.0,60.0,5.000004768371582
21.800628,0.0,0.0,60.0,5.000004768371582
21.850632,0.0,0.0,60.0,5.000004768371582
21.900631999999998,0.0,0.0,60.0,5.000004768371582
21.950636,0.0,0.0,60.0,5.000004768371582
22.000636,0.0,0.0,60.0,5.000004768371582
22.050636,0.0,0.0,60.0,5.000004768371582
22.100644,0.0,0.0,60.0,5.000004768371582
22.150648,0.0,0.0,60.0,5.000004768371582
22.200648,0.0,0.0,60.0,5.000004768371582
22.250652,0.0,0.0,60.0,5.000004768371582
22.300652,0.0,0.0,60.0,5.000004768371582
22.350652,0.0,0.0,60.0,5.000004768371582
22.400655999999998,0.0,0.0,60.0,5.000004768371582
22.450656,0.0,0.0,60.0,5.000004768371582
22.500656,0.0,0.0,60.0,5.000004768371582
22.55066,0.0,0.0,60.0,5.000004768371582
22.600659999999998,0.0,0.0,80.0,5.000004768371582
22.65066,0.0,0.0,80.0,5.000004768371582
22.700664,0.0,0.0,80.0,5.000004768371582
22.750664,0.0,0.0,80.0,5.000004768371582
22.800667999999998,0.0,0.0,80.0,5.000004768371582
22.850668,0.0,0.0,80.0,5.000004768371582
22.900668,0.0,0.0,80.0,5.000004768371582
22.950668,0.0,0.0,80.0,5.000004768371582
23.000671999999998,0.0,0.0,80.0,5.000004768371582
23.050672,0.0,0.0,80.0,5.000004768371582
23.100676,0.0,0.0,80.0,5.000004768371582
23.150676,0.0,0.0,80.0,5.000004768371582
23.200675999999998,0.0,0.0,80.0,5.000004768371582
23.250676,0.0,0.0,80.0,5.000004768371582
23.30068,0.0,0.0,80.0,5.000004768371582
23.35068,0.0,0.0,80.0,5.000004768371582
23.400684,0.0,0.0,80.0,5.000004768371582
23.450684,0.0,0.0,80.0,5.000004768371582
23.500684,0.0,0.0,80.0,5.000004768371582
23.550684,0.0,0.0,80.0,5.000004768371582
23.600687999999998,0.0,0.0,80.0,5.000004768371582
23.650688,0.0,0.0,80.0,5.000004768371582
23.700692,0.0,0.0,80.0,5.000004768371582
23.750692,0.0,0.0,80.0,5.000004768371582
23.800691999999998,0.0,0.0,80.0,5.000004768371582
23.850692,0.0,0.0,80.0,5.000004768371582
23.900696,0.0,0.0,80.0,5.000004768371582
23.950696,0.0,0.0,80.0,5.000004768371582
24.0007,0.0,0.0,80.0,5.000004768371582
24.0507,0.0,0.0,80.0,5.000004768371582
24.1007,0.0,0.0,80.0,5.000004768371582
24.1507,0.0,0.0,80.0,5.000004768371582
24.200703999999998,0.0,0.0,80.0,5.000004768371582
24.250704,0.0,0.0,80.0,5.000004768371582
24.300708,0.0,0.0,80.0,5.000004768371582
24.350708,0.0,0.0,80.0,5.000004768371582
24.400707999999998,0.0,0.0,80.0,5.000004768371582
24.450712,0.0,0.0,80.0,5.000004768371582
24.500712,0.0,0.0,80.0,5.000004768371582
24.550712,0.0,0.0,80.0,5.000004768371582
24.600716,0.0,0.0,80.0,5.000004768371582
24.650716,0.0,0.0,80.0,5.000004768371582
24.700716,0.0,0.0,80.0,5.000004768371582
24.750719999999998,0.0,0.0,80.0,5.000004768371582
24.80072,0.0,0.0,80.0,5.000004768371582
24.850724,0.0,0.0,80.0,5.000004768371582
24.900724,0.0,0.0,80.0,5.000004768371582
24.950724,0.0,0.0,80.0,5.000004768371582
25.000723999999998,0.0,0.0,80.0,5.000004768371582
25.050728,0.0,0.0,80.0,5.000004768371582
25.100728,0.0,0.0,80.0,5.000004768371582
25.150731999999998,0.0,0.0,80.0,5.000004768371582
25.200732,0.0,0.0,80.0,5.000004768371582
25.250732,0.0,0.0,80.0,5.000004768371582
25.300732,0.0,0.0,80.0,5.000004768371582
25.350735999999998,0.0,0.0,80.0,5.000004768371582
25.400736,0.0,0.0,80.0,5.000004768371582
25.45074,0.0,0.0,80.0,5.000004768371582
25.50074,0.0,0.0,80.0,5.000004768371582
25.550739999999998,0.0,0.0,80.0,5.000004768371582
25.60074,0.0,0.0,80.0,5.000004768371582
25.650744,0.0,0.0,80.0,5.000004768371582
25.700744,0.0,0.0,80.0,5.000004768371582
25.750747999999998,0.0,0.0,80.0,5.000004768371582
25.800748,0.0,0.0,80.0,5.000004768371582
25.850748,0.0,0.0,80.0,5.000004768371582
25.900748,0.0,0.0,80.0,5.000004768371582
25.950751999999998,0.0,0.0,80.0,5.000004768371582
26.000752,0.0,0.0,80.0,5.000004768371582
26.050756,0.0,0.0,80.0,5.000004768371582
26.100756,0.0,0.0,80.0,5.000004768371582
26.150755999999998,0.0,0.0,80.0,5.000004768371582
26.200756,0.0,0.0,80.0,5.000004768371582
26.25076,0.0,0.0,80.0,5.000004768371582
26.30076,0.0,0.0,80.0,5.000004768371582
26.350763999999998,0.0,0.0,80.0,5.000004768371582
26.400764,0.0,0.0,80.0,5.000004768371582
26.450764,0.0,0.0,80.0,5.000004768371582
26.500771999999998,0.0,0.0,80.0,5.000004768371582
26.550776,0.0,0.0,80.0,5.000004768371582
26.600776,0.0,0.0,80.0,5.000004768371582
26.650779999999997,0.0,0.0,80.0,5.000004768371582
26.700779999999998,0.0,0.0,80.0,5.000004768371582
26.75078,0.0,0.0,80.0,5.000004768371582
26.800784,0.0,0.0,80.0,5.000004768371582
26.850784,0.0,0.0,80.0,5.000004768371582
26.900783999999998,0.0,0.0,80.0,5.000004768371582
26.950788,0.0,0.0,80.0,5.000004768371582
27.000788,0.0,0.0,80.0,5.000004768371582
27.050788,0.0,0.0,80.0,5.000004768371582
27.100792,0.0,0.0,80.0,5.000004768371582
27.150792,0.0,0.0,80.0,5.000004768371582
27.200796,0.0,0.0,80.0,5.000004768371582
27.250795999999998,0.0,0.0,80.0,5.000004768371582
27.300796,0.0,0.0,80.0,5.000004768371582
27.350796,0.0,0.0,80.0,5.000004768371582
27.4008,0.0,0.0,80.0,5.000004768371582
27.450799999999997,0.0,0.0,80.0,5.000004768371582
27.500804,0.0,0.0,80.0,5.000004768371582
27.550804,0.0,0.0,80.0,5.000004768371582
27.600804,0.0,0.0,80.0,5.000004768371582
27.650804,0.0,0.0,80.0,5.000004768371582
27.700808,0.0,0.0,80.0,5.000004768371582
27.750808,0.0,0.0,80.0,5.000004768371582
27.800812,0.0,0.0,80.0,5.000004768371582
27.850811999999998,0.0,0.0,80.0,5.000004768371582
27.900812,0.0,0.0,80.0,5.000004768371582
27.950812,0.0,0.0,80.0,5.000004768371582
28.000816,0.0,0.0,80.0,5.000004768371582
28.050815999999998,0.0,0.0,80.0,5.000004768371582
28.10082,0.0,0.0,80.0,5.000004768371582
28.15082,0.0,0.0,80.0,5.000004768371582
28.20082,0.0,0.0,80.0,5.000004768371582
28.250819999999997,0.0,0.0,80.0,5.000004768371582
28.300824,0.0,0.0,80.0,5.000004768371582
28.350824,0.0,0.0,80.0,5.000004768371582
28.400828,0.0,0.0,80.0,5.000004768371582
28.450827999999998,0.0,0.0,80.0,5.000004768371582
28.500828,0.0,0.0,80.0,5.000004768371582
28.550828,0.0,0.0,80.0,5.000004768371582
28.600832,0.0,0.0,100.0,5.000004768371582
28.650831999999998,0.0,0.0,100.0,5.000004768371582
28.700836,0.0,0.0,100.0,5.000004768371582
28.750836,0.0,0.0,100.0,5.000004768371582
28.800836,0.0,0.0,100.0,5.000004768371582
28.850839999999998,0.0,0.0,100.0,5.000004768371582
28.90084,0.0,0.0,100.0,5.000004768371582
28.95084,0.0,0.0,100.0,5.000004768371582
29.000844,0.0,0.0,100.0,5.000004768371582
29.050843999999998,0.0,0.0,100.0,5.000004768371582
29.100844,0.0,0.0,100.0,5.000004768371582
29.150848,0.0,0.0,100.0,5.000004768371582
29.200848,0.0,0.0,100.0,5.000004768371582
29.250852,0.0,0.0,100.0,5.000004768371582
29.300852,0.0,0.0,100.0,5.000004768371582
29.350852,0.0,0.0,100.0,5.000004768371582
29.400852,0.0,0.0,100.0,5.000004768371582
29.450855999999998,0.0,0.0,100.0,5.000004768371582
29.500856,0.0,0.0,100.0,5.000004768371582
29.55086,0.0,0.0,100.0,5.000004768371582
29.60086,0.0,0.0,100.0,5.000004768371582
29.650859999999998,0.0,0.0,100.0,5.000004768371582
29.70086,0.0,0.0,100.0,5.000004768371582
29.750864,0.0,0.0,100.0,5.000004768371582
29.800864,0.0,0.0,100.0,5.000004768371582
29.850868,0.0,0.0,100.0,5.000004768371582
29.900868,0.0,0.0,100.0,5.000004768371582
29.950868,0.0,0.0,100.0,5.000004768371582
30.000868,0.0,0.0,100.0,5.000004768371582
30.050872,0.0,0.0,100.0,5.000004768371582
30.100872,0.0,0.0,100.0,5.000004768371582
30.150876,0.0,0.0,100.0,5.000004768371582
30.200875999999997,0.0,0.0,100.0,5.000004768371582
30.250875999999998,0.0,0.0,100.0,5.000004768371582
30.300876,0.0,0.0,100.0,5.000004768371582
30.35088,0.0,0.0,100.0,5.000004768371582
30.40088,0.0,0.0,100.0,5.000004768371582
30.450884,0.0,0.0,100.0,5.000004768371582
30.500884,0.0,0.0,100.0,5.000004768371582
30.550884,0.0,0.0,100.0,5.000004768371582
30.600883999999997,0.0,0.0,100.0,5.000004768371582
30.650888,0.0,0.0,100.0,5.000004768371582
30.700887999999996,0.0,0.0,100.0,5.000004768371582
30.750891999999997,0.0,0.0,100.0,5.000004768371582
30.800892,0.0,0.0,100.0,5.000004768371582
30.850891999999998,0.0,0.0,100.0,5.000004768371582
30.900899999999996,0.0,0.0,100.0,5.000004768371582
30.950903999999998,0.0,0.0,100.0,5.000004768371582
31.000904000000002,0.0,0.0,100.0,5.000004768371582
31.050907999999996,0.0,0.0,100.0,5.000004768371582
31.100908,0.0,0.0,100.0,5.000004768371582
31.150907999999998,0.0,0.0,100.0,5.000004768371582
31.200912,0.0,0.0,100.0,5.000004768371582
31.250911999999996,0.0,0.0,100.0,5.000004768371582
31.300912,0.0,0.0,100.0,5.000004768371582
31.350916,0.0,0.0,100.0,5.000004768371582
31.400916,0.0,0.0,100.0,5.000004768371582
31.450915999999996,0.0,0.0,100.0,5.000004768371582
31.500919999999997,0.0,0.0,100.0,5.000004768371582
31.55092,0.0,0.0,100.0,5.000004768371582
31.600923999999996,0.0,0.0,100.0,5.000004768371582
31.650924,0.0,0.0,100.0,5.000004768371582
31.700923999999997,0.0,0.0,100.0,5.000004768371582
31.750924,0.0,0.0,100.0,5.000004768371582
31.800927999999995,0.0,0.0,100.0,5.000004768371582
31.850928,0.0,0.0,100.0,5.000004768371582
31.900932,0.0,0.0,100.0,5.000004768371582
31.950931999999998,0.0,0.0,100.0,5.000004768371582
32.000932,0.0,0.0,100.0,5.000004768371582
32.050931999999996,0.0,0.0,100.0,5.000004768371582
32.100936,0.0,0.0,100.0,5.000004768371582
32.150935999999994,0.0,0.0,100.0,5.000004768371582
32.200939999999996,0.0,0.0,100.0,5.000004768371582
32.25093999999999,0.0,0.0,100.0,5.000004768371582
32.30094,0.0,0.0,100.0,5.000004768371582
32.350939999999994,0.0,0.0,100.0,5.000004768371582
32.400943999999996,0.0,0.0,100.0,5.000004768371582
32.45094399999999,0.0,0.0,100.0,5.000004768371582
32.500947999999994,0.0,0.0,100.0,5.000004768371582
32.550948,0.0,0.0,100.0,5.000004768371582
32.600947999999995,0.0,0.0,100.0,5.000004768371582
32.65094799999999,0.0,0.0,100.0,5.000004768371582
32.700951999999994,0.0,0.0,100.0,5.000004768371582
32.750952,0.0,0.0,100.0,5.000004768371582
32.80095599999999,0.0,0.0,100.0,5.000004768371582
32.850956,0.0,0.0,100.0,5.000004768371582
32.900955999999994,0.0,0.0,100.0,5.000004768371582
32.950956,0.0,0.0,100.0,5.000004768371582
33.00095999999999,0.0,0.0,100.0,5.000004768371582
33.050959999999996,0.0,0.0,100.0,5.000004768371582
33.100964,0.0,0.0,100.0,5.000004768371582
33.150963999999995,0.0,0.0,100.0,5.000004768371582
33.20096399999999,0.0,0.0,100.0,5.000004768371582
33.25096799999999,0.0,0.0,100.0,5.000004768371582
33.300968,0.0,0.0,100.0,5.000004768371582
33.350967999999995,0.0,0.0,100.0,5.000004768371582
33.400971999999996,0.0,0.0,100.0,5.000004768371582
33.45097199999999,0.0,0.0,100.0,5.000004768371582
33.500972,0.0,0.0,100.0,5.000004768371582
33.550976,0.0,0.0,100.0,5.000004768371582
33.600975999999996,0.0,0.0,100.0,5.000004768371582
33.65098,0.0,0.0,100.0,5.000004768371582
33.700979999999994,0.0,0.0,100.0,5.000004768371582
33.75098,0.0,0.0,100.0,5.000004768371582
33.800979999999996,0.0,0.0,100.0,5.000004768371582
33.850984,0.0,0.0,100.0,5.000004768371582
33.900983999999994,0.0,0.0,100.0,5.000004768371582
33.950987999999995,0.0,0.0,100.0,5.000004768371582
34.00098799999999,0.0,0.0,100.0,5.000004768371582
34.050988,0.0,0.0,100.0,5.000004768371582
34.100987999999994,0.0,0.0,100.0,5.000004768371582
34.150991999999995,0.0,0.0,100.0,5.000004768371582
34.20099199999999,0.0,0.0,100.0,5.000004768371582
34.250995999999994,0.0,0.0,100.0,5.000004768371582
34.300996,0.0,0.0,100.0,5.000004768371582
34.350995999999995,0.0,0.0,100.0,5.000004768371582
34.40099599999999,0.0,0.0,100.0,5.000004768371582
34.45099999999999,0.0,0.0,100.0,5.000004768371582
34.501,0.0,0.0,100.0,5.000004768371582
34.55100399999999,0.0,0.0,100.0,5.000004768371582
34.601003999999996,0.0,0.0,120.0,5.000004768371582
34.65100399999999,0.0,0.0,120.0,5.000004768371582
34.701004,0.0,0.0,120.0,5.000004768371582
34.751008,0.0,0.0,120.0,5.000004768371582
34.801007999999996,0.0,0.0,120.0,5.000004768371582
34.851012,0.0,0.0,120.0,5.000004768371582
34.901011999999994,0.0,0.0,120.0,5.000004768371582
34.951012,0.0,0.0,120.0,5.000004768371582
35.001011999999996,0.0,0.0,120.0,5.000004768371582
35.051016,0.0,0.0,120.0,5.000004768371582
35.101015999999994,0.0,0.0,120.0,5.000004768371582
35.151019999999995,0.0,0.0,120.0,5.000004768371582
35.20101999999999,0.0,0.0,120.0,5.000004768371582
35.25102,0.0,0.0,120.0,5.000004768371582
35.301027999999995,0.0,0.0,120.0,5.000004768371582
35.351032,0.0,0.0,120.0,5.000004768371582
35.401031999999994,0.0,0.0,120.0,5.000004768371582
35.451035999999995,0.0,0.0,120.0,5.000004768371582
35.50103599999999,0.0,0.0,120.0,5.000004768371582
35.551035999999996,0.0,0.0,120.0,5.000004768371582
35.60104,0.0,0.0,120.0,5.000004768371582
35.651039999999995,0.0,0.0,120.0,5.000004768371582
35.70103999999999,0.0,0.0,120.0,5.000004768371582
35.75104399999999,0.0,0.0,120.0,5.000004768371582
35.801044,0.0,0.0,120.0,5.000004768371582
35.851043999999995,0.0,0.0,120.0,5.000004768371582
35.901047999999996,0.0,0.0,120.0,5.000004768371582
35.95104799999999,0.0,0.0,120.0,5.000004768371582
36.001051999999994,0.0,0.0,120.0,5.000004768371582
36.051052,0.0,0.0,120.0,5.000004768371582
36.101051999999996,0.0,0.0,120.0,5.000004768371582
36.15105199999999,0.0,0.0,120.0,5.000004768371582
36.201055999999994,0.0,0.0,120.0,5.000004768371582
36.251056,0.0,0.0,120.0,5.000004768371582
36.30105999999999,0.0,0.0,120.0,5.000004768371582
36.35106,0.0,0.0,120.0,5.000004768371582
36.401059999999994,0.0,0.0,120.0,5.000004768371582
36.45106,0.0,0.0,120.0,5.000004768371582
36.50106399999999,0.0,0.0,120.0,5.000004768371582
36.551064,0.0,0.0,120.0,5.000004768371582
36.601068,0.0,0.0,120.0,5.000004768371582
36.651067999999995,0.0,0.0,120.0,5.000004768371582
36.70106799999999,0.0,0.0,120.0,5.000004768371582
36.751068,0.0,0.0,120.0,5.000004768371582
36.801072,0.0,0.0,120.0,5.000004768371582
36.851071999999995,0.0,0.0,120.0,5.000004768371582
36.901075999999996,0.0,0.0,120.0,5.000004768371582
36.95107599999999,0.0,0.0,120.0,5.000004768371582
37.001076,0.0,0.0,120.0,5.000004768371582
37.051075999999995,0.0,0.0,120.0,5.000004768371582
37.101079999999996,0.0,0.0,120.0,5.000004768371582
37.15107999999999,0.0,0.0,120.0,5.000004768371582
37.201083999999994,0.0,0.0,120.0,5.000004768371582
37.25108399999999,0.0,0.0,120.0,5.000004768371582
37.301083999999996,0.0,0.0,120.0,5.000004768371582
37.35108399999999,0.0,0.0,120.0,5.000004768371582
37.401087999999994,0.0,0.0,120.0,5.000004768371582
37.451088,0.0,0.0,120.0,5.000004768371582
37.50109199999999,0.0,0.0,120.0,5.000004768371582
37.551092,0.0,0.0,120.0,5.000004768371582
37.601091999999994,0.0,0.0,120.0,5.000004768371582
37.651095999999995,0.0,0.0,120.0,5.000004768371582
37.70109599999999,0.0,0.0,120.0,5.000004768371582
37.751096,0.0,0.0,120.0,5.000004768371582
37.8011,0.0,0.0,120.0,5.000004768371582
37.851099999999995,0.0,0.0,120.0,5.000004768371582
37.90109999999999,0.0,0.0,120.0,5.000004768371582
37.951103999999994,0.0,0.0,120.0,5.000004768371582
38.001104,0.0,0.0,120.0,5.000004768371582
38.05110799999999,0.0,0.0,120.0,5.000004768371582
38.101107999999996,0.0,0.0,120.0,5.000004768371582
38.151107999999994,0.0,0.0,120.0,5.000004768371582
38.201108,0.0,0.0,120.0,5.000004768371582
38.25111199999999,0.0,0.0,120.0,5.000004768371582
38.301111999999996,0.0,0.0,120.0,5.000004768371582
38.351116,0.0,0.0,120.0,5.000004768371582
38.401115999999995,0.0,0.0,120.0,5.000004768371582
38.45111599999999,0.0,0.0,120.0,5.000004768371582
38.501115999999996,0.0,0.0,120.0,5.000004768371582
38.55112,0.0,0.0,120.0,5.000004768371582
38.601119999999995,0.0,0.0,120.0,5.000004768371582
38.651123999999996,0.0,0.0,120.0,5.000004768371582
38.70112399999999,0.0,0.0,120.0,5.000004768371582
38.751124,0.0,0.0,120.0,5.000004768371582
38.801123999999994,0.0,0.0,120.0,5.000004768371582
38.851127999999996,0.0,0.0,120.0,5.000004768371582
38.90112799999999,0.0,0.0,120.0,5.000004768371582
38.951131999999994,0.0,0.0,120.0,5.000004768371582
39.001132,0.0,0.0,120.0,5.000004768371582
39.051131999999996,0.0,0.0,120.0,5.000004768371582
39.10113199999999,0.0,0.0,120.0,5.000004768371582
39.151135999999994,0.0,0.0,120.0,5.000004768371582
39.201136,0.0,0.0,120.0,5.000004768371582
39.25113999999999,0.0,0.0,120.0,5.000004768371582
39.30114,0.0,0.0,120.0,5.000004768371582
39.351139999999994,0.0,0.0,120.0,5.000004768371582
39.40114,0.0,0.0,120.0,5.000004768371582
39.45114399999999,0.0,0.0,120.0,5.000004768371582
39.501144,0.0,0.0,120.0,5.000004768371582
39.551148,0.0,0.0,120.0,5.000004768371582
39.601147999999995,0.0,0.0,120.0,5.000004768371582
39.65114799999999,0.0,0.0,120.0,5.000004768371582
39.701156,0.0,0.0,120.0,5.000004768371582
39.75115999999999,0.0,0.0,120.0,5.000004768371582
39.801159999999996,0.0,0.0,120.0,5.000004768371582
39.851164,0.0,0.0,120.0,5.000004768371582
39.901163999999994,0.0,0.0,120.0,5.000004768371582
39.951164,0.0,0.0,120.0,5.000004768371582
40.00116799999999,0.0,0.0,120.0,5.000004768371582
40.051168,0.0,0.0,120.0,5.000004768371582
40.101167999999994,0.0,0.0,120.0,5.000004768371582
40.151171999999995,0.0,0.0,120.0,5.000004768371582
40.20117199999999,0.0,0.0,120.0,5.000004768371582
40.251172,0.0,0.0,120.0,5.000004768371582
40.301176,0.0,0.0,120.0,5.000004768371582
40.351175999999995,0.0,0.0,120.0,5.000004768371582
40.40118,0.0,0.0,120.0,5.000004768371582
40.451179999999994,0.0,0.0,120.0,5.000004768371582
40.50118,0.0,0.0,120.0,5.000004768371582
40.551179999999995,0.0,0.0,120.0,5.000004768371582
40.601183999999996,0.0,0.0,140.0,5.000004768371582
40.65118399999999,0.0,0.0,140.0,5.000004768371582
40.701187999999995,0.0,0.0,140.0,5.000004768371582
40.75118799999999,0.0,0.0,140.0,5.000004768371582
40.801187999999996,0.0,0.0,140.0,5.000004768371582
40.85118799999999,0.0,0.0,140.0,5.000004768371582
40.901191999999995,0.0,0.0,140.0,5.000004768371582
40.95119199999999,0.0,0.0,140.0,5.000004768371582
41.00119599999999,0.0,0.0,140.0,5.000004768371582
41.051196,0.0,0.0,140.0,5.000004768371582
41.101195999999995,0.0,0.0,140.0,5.000004768371582
41.15119599999999,0.0,0.0,140.0,5.000004768371582
41.20119999999999,0.0,0.0,140.0,5.000004768371582
41.2512,0.0,0.0,140.0,5.000004768371582
41.301204,0.0,0.0,140.0,5.000004768371582
41.351203999999996,0.0,0.0,140.0,5.000004768371582
41.40120399999999,0.0,0.0,140.0,5.000004768371582
41.451204,0.0,0.0,140.0,5.000004768371582
41.501208,0.0,0.0,140.0,5.000004768371582
41.551207999999995,0.0,0.0,140.0,5.000004768371582
41.601212,0.0,0.0,140.0,5.000004768371582
41.651211999999994,0.0,0.0,140.0,5.000004768371582
41.701212,0.0,0.0,140.0,5.000004768371582
41.751211999999995,0.0,0.0,140.0,5.000004768371582
41.801216,0.0,0.0,140.0,5.000004768371582
41.851215999999994,0.0,0.0,140.0,5.000004768371582
41.901219999999995,0.0,0.0,140.0,5.000004768371582
41.95121999999999,0.0,0.0,140.0,5.000004768371582
42.001219999999996,0.0,0.0,140.0,5.000004768371582
42.051224,0.0,0.0,140.0,5.000004768371582
42.101223999999995,0.0,0.0,140.0,5.000004768371582
42.15122399999999,0.0,0.0,140.0,5.000004768371582
42.20122799999999,0.0,0.0,140.0,5.000004768371582
42.251228,0.0,0.0,140.0,5.000004768371582
42.301227999999995,0.0,0.0,140.0,5.000004768371582
42.351231999999996,0.0,0.0,140.0,5.000004768371582
42.40123199999999,0.0,0.0,140.0,5.000004768371582
42.451235999999994,0.0,0.0,140.0,5.000004768371582
42.50123599999999,0.0,0.0,140.0,5.000004768371582
42.551235999999996,0.0,0.0,140.0,5.000004768371582
42.60123599999999,0.0,0.0,140.0,5.000004768371582
42.651239999999994,0.0,0.0,140.0,5.000004768371582
42.70123999999999,0.0,0.0,140.0,5.000004768371582
42.75124399999999,0.0,0.0,140.0,5.000004768371582
42.801244,0.0,0.0,140.0,5.000004768371582
42.851243999999994,0.0,0.0,140.0,5.000004768371582
42.901244,0.0,0.0,140.0,5.000004768371582
42.95124799999999,0.0,0.0,140.0,5.000004768371582
43.001248,0.0,0.0,140.0,5.000004768371582
43.051252,0.0,0.0,140.0,5.000004768371582
43.101251999999995,0.0,0.0,140.0,5.000004768371582
43.15125199999999,0.0,0.0,140.0,5.000004768371582
43.201252,0.0,0.0,140.0,5.000004768371582
43.251256,0.0,0.0,140.0,5.000004768371582
43.301255999999995,0.0,0.0,140.0,5.000004768371582
43.351259999999996,0.0,0.0,140.0,5.000004768371582
43.40125999999999,0.0,0.0,140.0,5.000004768371582
43.45126,0.0,0.0,140.0,5.000004768371582
43.501259999999995,0.0,0.0,140.0,5.000004768371582
43.551263999999996,0.0,0.0,140.0,5.000004768371582
43.60126399999999,0.0,0.0,140.0,5.000004768371582
43.651267999999995,0.0,0.0,140.0,5.000004768371582
43.70126799999999,0.0,0.0,140.0,5.000004768371582
43.751267999999996,0.0,0.0,140.0,5.000004768371582
43.80126799999999,0.0,0.0,140.0,5.000004768371582
43.851271999999994,0.0,0.0,140.0,5.000004768371582
43.90127199999999,0.0,0.0,140.0,5.000004768371582
43.95127599999999,0.0,0.0,140.0,5.000004768371582
44.001276,0.0,0.0,140.0,5.000004768371582
44.051275999999994,0.0,0.0,140.0,5.000004768371582
44.10128399999999,0.0,0.0,140.0,5.000004768371582
44.151287999999994,0.0,0.0,140.0,5.000004768371582
44.201288,0.0,0.0,140.0,5.000004768371582
44.25129199999999,0.0,0.0,140.0,5.000004768371582
44.301292,0.0,0.0,140.0,5.000004768371582
44.351291999999994,0.0,0.0,140.0,5.000004768371582
44.401295999999995,0.0,0.0,140.0,5.000004768371582
44.45129599999999,0.0,0.0,140.0,5.000004768371582
44.501295999999996,0.0,0.0,140.0,5.000004768371582
44.5513,0.0,0.0,140.0,5.000004768371582
44.601299999999995,0.0,0.0,140.0,5.000004768371582
44.65129999999999,0.0,0.0,140.0,5.000004768371582
44.70130399999999,0.0,0.0,140.0,5.000004768371582
44.751304,0.0,0.0,140.0,5.000004768371582
44.80130799999999,0.0,0.0,140.0,5.000004768371582
44.851307999999996,0.0,0.0,140.0,5.000004768371582
44.90130799999999,0.0,0.0,140.0,5.000004768371582
44.951308,0.0,0.0,140.0,5.000004768371582
45.00131199999999,0.0,0.0,140.0,5.000004768371582
45.051311999999996,0.0,0.0,140.0,5.000004768371582
45.101316,0.0,0.0,140.0,5.000004768371582
45.151315999999994,0.0,0.0,140.0,5.000004768371582
45.20131599999999,0.0,0.0,140.0,5.000004768371582
45.251315999999996,0.0,0.0,140.0,5.000004768371582
45.30132,0.0,0.0,140.0,5.000004768371582
45.351319999999994,0.0,0.0,140.0,5.000004768371582
45.401323999999995,0.0,0.0,140.0,5.000004768371582
45.45132399999999,0.0,0.0,140.0,5.000004768371582
45.501324,0.0,0.0,140.0,5.000004768371582
45.551323999999994,0.0,0.0,140.0,5.000004768371582
45.601327999999995,0.0,0.0,140.0,5.000004768371582
45.65132799999999,0.0,0.0,140.0,5.000004768371582
45.701331999999994,0.0,0.0,140.0,5.000004768371582
45.751332,0.0,0.0,140.0,5.000004768371582
45.801331999999995,0.0,0.0,140.0,5.000004768371582
45.85133199999999,0.0,0.0,140.0,5.000004768371582
45.90133599999999,0.0,0.0,140.0,5.000004768371582
45.951336,0.0,0.0,140.0,5.000004768371582
46.00133999999999,0.0,0.0,140.0,5.000004768371582
46.051339999999996,0.0,0.0,140.0,5.000004768371582
46.10133999999999,0.0,0.0,140.0,5.000004768371582
46.15134,0.0,0.0,140.0,5.000004768371582
46.20134399999999,0.0,0.0,140.0,5.000004768371582
46.251343999999996,0.0,0.0,140.0,5.000004768371582
46.301348,0.0,0.0,140.0,5.000004768371582
46.351347999999994,0.0,0.0,140.0,5.000004768371582
46.40134799999999,0.0,0.0,140.0,5.000004768371582
46.45135199999999,0.0,0.0,140.0,5.000004768371582
46.501352,0.0,0.0,140.0,5.000004768371582
46.551351999999994,0.0,0.0,140.0,5.000004768371582
46.601355999999996,0.0,0.0,160.0,5.000004768371582
46.65135599999999,0.0,0.0,160.0,5.000004768371582
46.701356,0.0,0.0,160.0,5.000004768371582
46.75136,0.0,0.0,160.0,5.000004768371582
46.801359999999995,0.0,0.0,160.0,5.000004768371582
46.851364,0.0,0.0,160.0,5.000004768371582
46.901363999999994,0.0,0.0,160.0,5.000004768371582
46.951364,0.0,0.0,160.0,5.000004768371582
47.001363999999995,0.0,0.0,160.0,5.000004768371582
47.051368,0.0,0.0,160.0,5.000004768371582
47.101367999999994,0.0,0.0,160.0,5.000004768371582
47.151371999999995,0.0,0.0,160.0,5.000004768371582
47.20137199999999,0.0,0.0,160.0,5.000004768371582
47.251371999999996,0.0,0.0,160.0,5.000004768371582
47.30137199999999,0.0,0.0,160.0,5.000004768371582
47.351375999999995,0.0,0.0,160.0,5.000004768371582
47.40137599999999,0.0,0.0,160.0,5.000004768371582
47.45137999999999,0.0,0.0,160.0,5.000004768371582
47.50138,0.0,0.0,160.0,5.000004768371582
47.551379999999995,0.0,0.0,160.0,5.000004768371582
47.60137999999999,0.0,0.0,160.0,5.000004768371582
47.65138399999999,0.0,0.0,160.0,5.000004768371582
47.701384,0.0,0.0,160.0,5.000004768371582
47.75138799999999,0.0,0.0,160.0,5.000004768371582
47.801387999999996,0.0,0.0,160.0,5.000004768371582
47.85138799999999,0.0,0.0,160.0,5.000004768371582
47.901388,0.0,0.0,160.0,5.000004768371582
47.95139199999999,0.0,0.0,160.0,5.000004768371582
48.001391999999996,0.0,0.0,160.0,5.000004768371582
48.051396,0.0,0.0,160.0,5.000004768371582
48.101395999999994,0.0,0.0,160.0,5.000004768371582
48.15139599999999,0.0,0.0,160.0,5.000004768371582
48.201395999999995,0.0,0.0,160.0,5.000004768371582
48.2514,0.0,0.0,160.0,5.000004768371582
48.301399999999994,0.0,0.0,160.0,5.000004768371582
48.351403999999995,0.0,0.0,160.0,5.000004768371582
48.40140399999999,0.0,0.0,160.0,5.000004768371582
48.451404,0.0,0.0,160.0,5.000004768371582
48.501411999999995,0.0,0.0,160.0,5.000004768371582
48.551415999999996,0.0,0.0,160.0,5.000004768371582
48.60141599999999,0.0,0.0,160.0,5.000004768371582
48.651419999999995,0.0,0.0,160.0,5.000004768371582
48.70141999999999,0.0,0.0,160.0,5.000004768371582
48.751419999999996,0.0,0.0,160.0,5.000004768371582
48.801424,0.0,0.0,160.0,5.000004768371582
48.851423999999994,0.0,0.0,160.0,5.000004768371582
48.90142399999999,0.0,0.0,160.0,5.000004768371582
48.95142799999999,0.0,0.0,160.0,5.000004768371582
49.001428,0.0,0.0,160.0,5.000004768371582
49.051427999999994,0.0,0.0,160.0,5.000004768371582
49.101431999999996,0.0,0.0,160.0,5.000004768371582
49.15143199999999,0.0,0.0,160.0,5.000004768371582
49.201435999999994,0.0,0.0,160.0,5.000004768371582
49.25143599999999,0.0,0.0,160.0,5.000004768371582
49.301435999999995,0.0,0.0,160.0,5.000004768371582
49.35143599999999,0.0,0.0,160.0,5.000004768371582
49.401439999999994,0.0,0.0,160.0,5.000004768371582
49.45144,0.0,0.0,160.0,5.000004768371582
49.50144399999999,0.0,0.0,160.0,5.000004768371582
49.551444,0.0,0.0,160.0,5.000004768371582
49.601443999999994,0.0,0.0,160.0,5.000004768371582
49.651444,0.0,0.0,160.0,5.000004768371582
49.70144799999999,0.0,0.0,160.0,5.000004768371582
49.751447999999996,0.0,0.0,160.0,5.000004768371582
49.801452,0.0,0.0,160.0,5.000004768371582
49.851451999999995,0.0,0.0,160.0,5.000004768371582
49.90145199999999,0.0,0.0,160.0,5.000004768371582
49.951451999999996,0.0,0.0,160.0,5.000004768371582
50.001456,0.0,0.0,160.0,5.000004768371582
50.051455999999995,0.0,0.0,160.0,5.000004768371582
50.101459999999996,0.0,0.0,160.0,5.000004768371582
50.15145999999999,0.0,0.0,160.0,5.000004768371582
50.20146,0.0,0.0,160.0,5.000004768371582
50.251459999999994,0.0,0.0,160.0,5.000004768371582
50.301463999999996,0.0,0.0,160.0,5.000004768371582
50.35146399999999,0.0,0.0,160.0,5.000004768371582
50.401467999999994,0.0,0.0,160.0,5.000004768371582
50.45146799999999,0.0,0.0,160.0,5.000004768371582
50.501467999999996,0.0,0.0,160.0,5.000004768371582
50.55146799999999,0.0,0.0,160.0,5.000004768371582
50.601471999999994,0.0,0.0,160.0,5.000004768371582
50.65147199999999,0.0,0.0,160.0,5.000004768371582
50.70147599999999,0.0,0.0,160.0,5.000004768371582
50.751476,0.0,0.0,160.0,5.000004768371582
50.801475999999994,0.0,0.0,160.0,5.000004768371582
50.851479999999995,0.0,0.0,160.0,5.000004768371582
50.90147999999999,0.0,0.0,160.0,5.000004768371582
50.95148,0.0,0.0,160.0,5.000004768371582
51.001484,0.0,0.0,160.0,5.000004768371582
51.051483999999995,0.0,0.0,160.0,5.000004768371582
51.10148399999999,0.0,0.0,160.0,5.000004768371582
51.15148799999999,0.0,0.0,160.0,5.000004768371582
51.201488,0.0,0.0,160.0,5.000004768371582
51.25149199999999,0.0,0.0,160.0,5.000004768371582
51.301491999999996,0.0,0.0,160.0,5.000004768371582
51.35149199999999,0.0,0.0,160.0,5.000004768371582
51.401492,0.0,0.0,160.0,5.000004768371582
51.45149599999999,0.0,0.0,160.0,5.000004768371582
51.501495999999996,0.0,0.0,160.0,5.000004768371582
51.5515,0.0,0.0,160.0,5.000004768371582
51.601499999999994,0.0,0.0,160.0,5.000004768371582
51.65149999999999,0.0,0.0,160.0,5.000004768371582
51.701499999999996,0.0,0.0,160.0,5.000004768371582
51.751504,0.0,0.0,160.0,5.000004768371582
51.801503999999994,0.0,0.0,160.0,5.000004768371582
51.851507999999995,0.0,0.0,160.0,5.000004768371582
51.90150799999999,0.0,0.0,160.0,5.000004768371582
51.951508,0.0,0.0,160.0,5.000004768371582
52.001507999999994,0.0,0.0,160.0,5.000004768371582
52.051511999999995,0.0,0.0,160.0,5.000004768371582
52.10151199999999,0.0,0.0,160.0,5.000004768371582
52.151515999999994,0.0,0.0,160.0,5.000004768371582
52.201516,0.0,0.0,160.0,5.000004768371582
52.251515999999995,0.0,0.0,160.0,5.000004768371582
52.30151599999999,0.0,0.0,160.0,5.000004768371582
52.351519999999994,0.0,0.0,160.0,5.000004768371582
52.40152,0.0,0.0,160.0,5.000004768371582
52.45152399999999,0.0,0.0,160.0,5.000004768371582
52.501523999999996,0.0,0.0,160.0,5.000004768371582
52.55152399999999,0.0,0.0,160.0,5.000004768371582
52.601524,0.0,0.0,180.0,5.000004768371582
52.65152799999999,0.0,0.0,180.0,5.000004768371582
52.701527999999996,0.0,0.0,180.0,5.000004768371582
52.751532,1.0,10.471129417419434,180.0,5.000004768371582
52.80153599999999,0.0,0.0,180.0,5.000004768371582
52.85153999999999,0.0,0.0,180.0,5.000004768371582
52.90154,0.0,0.0,180.0,5.000004768371582
52.95154399999999,0.0,0.0,180.0,5.000004768371582
53.001543999999996,0.0,0.0,180.0,5.000004768371582
53.051548,0.0,0.0,180.0,5.000004768371582
53.101547999999994,0.0,0.0,180.0,5.000004768371582
53.15154799999999,0.0,0.0,180.0,5.000004768371582
53.20155199999999,0.0,0.0,180.0,5.000004768371582
53.251552,0.0,0.0,180.0,5.000004768371582
53.301551999999994,0.0,0.0,180.0,5.000004768371582
53.351555999999995,0.0,0.0,180.0,5.000004768371582
53.40155599999999,0.0,0.0,180.0,5.000004768371582
53.451556,0.0,0.0,180.0,5.000004768371582
53.50156,0.0,0.0,180.0,5.000004768371582
53.551559999999995,0.0,0.0,180.0,5.000004768371582
53.601563999999996,0.0,0.0,180.0,5.000004768371582
53.65156399999999,0.0,0.0,180.0,5.000004768371582
53.701564,0.0,0.0,180.0,5.000004768371582
53.751563999999995,0.0,0.0,180.0,5.000004768371582
53.801567999999996,0.0,0.0,180.0,5.000004768371582
53.85156799999999,0.0,0.0,180.0,5.000004768371582
53.901571999999994,0.0,0.0,180.0,5.000004768371582
53.95157199999999,0.0,0.0,180.0,5.000004768371582
54.001571999999996,0.0,0.0,180.0,5.000004768371582
54.05157199999999,0.0,0.0,180.0,5.000004768371582
54.101575999999994,0.0,0.0,180.0,5.000004768371582
54.15157599999999,0.0,0.0,180.0,5.000004768371582
54.20157999999999,0.0,0.0,180.0,5.000004768371582
54.25158,0.0,0.0,180.0,5.000004768371582
54.301579999999994,0.0,0.0,180.0,5.000004768371582
54.35157999999999,0.0,0.0,180.0,5.000004768371582
54.40158399999999,0.0,0.0,180.0,5.000004768371582
54.451584,0.0,0.0,180.0,5.000004768371582
54.50158799999999,0.0,0.0,180.0,5.000004768371582
54.551587999999995,0.0,0.0,180.0,5.000004768371582
54.60158799999999,0.0,0.0,180.0,5.000004768371582
54.651588,0.0,0.0,180.0,5.000004768371582
54.70159199999999,0.0,0.0,180.0,5.000004768371582
54.751591999999995,0.0,0.0,180.0,5.000004768371582
54.801595999999996,0.0,0.0,180.0,5.000004768371582
54.851595999999994,0.0,0.0,180.0,5.000004768371582
54.901596,0.0,0.0,180.0,5.000004768371582
54.951595999999995,0.0,0.0,180.0,5.000004768371582
55.001599999999996,0.0,0.0,180.0,5.000004768371582
55.05159999999999,0.0,0.0,180.0,5.000004768371582
55.101603999999995,0.0,0.0,180.0,5.000004768371582
55.15160399999999,0.0,0.0,180.0,5.000004768371582
55.201603999999996,0.0,0.0,180.0,5.000004768371582
55.251608,0.0,0.0,180.0,5.000004768371582
55.301607999999995,0.0,0.0,180.0,5.000004768371582
55.35160799999999,0.0,0.0,180.0,5.000004768371582
55.40161199999999,0.0,0.0,180.0,5.000004768371582
55.451612,0.0,0.0,180.0,5.000004768371582
55.501611999999994,0.0,0.0,180.0,5.000004768371582
55.551615999999996,0.0,0.0,180.0,5.000004768371582
55.60161599999999,0.0,0.0,180.0,5.000004768371582
55.651619999999994,0.0,0.0,180.0,5.000004768371582
55.70161999999999,0.0,0.0,180.0,5.000004768371582
55.751619999999996,0.0,0.0,180.0,5.000004768371582
55.80161999999999,0.0,0.0,180.0,5.000004768371582
55.851623999999994,0.0,0.0,180.0,5.000004768371582
55.90162399999999,0.0,0.0,180.0,5.000004768371582
55.95162799999999,0.0,0.0,180.0,5.000004768371582
56.001628,0.0,0.0,180.0,5.000004768371582
56.051627999999994,0.0,0.0,180.0,5.000004768371582
56.10162799999999,0.0,0.0,180.0,5.000004768371582
56.15163199999999,0.0,0.0,180.0,5.000004768371582
56.201632,0.0,0.0,180.0,5.000004768371582
56.251636,0.0,0.0,180.0,5.000004768371582
56.301635999999995,0.0,0.0,180.0,5.000004768371582
56.35163599999999,0.0,0.0,180.0,5.000004768371582
56.401635999999996,0.0,0.0,180.0,5.000004768371582
56.45164,0.0,0.0,180.0,5.000004768371582
56.501639999999995,0.0,0.0,180.0,5.000004768371582
56.551643999999996,0.0,0.0,180.0,5.000004768371582
56.60164399999999,0.0,0.0,180.0,5.000004768371582
56.651644,0.0,0.0,180.0,5.000004768371582
56.701643999999995,0.0,0.0,180.0,5.000004768371582
56.751647999999996,0.0,0.0,180.0,5.000004768371582
56.80164799999999,0.0,0.0,180.0,5.000004768371582
56.851651999999994,0.0,0.0,180.0,5.000004768371582
56.90165199999999,0.0,0.0,180.0,5.000004768371582
56.951651999999996,0.0,0.0,180.0,5.000004768371582
57.00165199999999,0.0,0.0,180.0,5.000004768371582
57.051655999999994,0.0,0.0,180.0,5.000004768371582
57.10165599999999,0.0,0.0,180.0,5.000004768371582
57.15165999999999,0.0,0.0,180.0,5.000004768371582
57.20166,0.0,0.0,180.0,5.000004768371582
57.251659999999994,0.0,0.0,180.0,5.000004768371582
57.30166799999999,0.0,0.0,180.0,5.000004768371582
57.35167199999999,0.0,0.0,180.0,5.000004768371582
57.401672,0.0,0.0,180.0,5.000004768371582
57.45167599999999,0.0,0.0,180.0,5.000004768371582
57.501675999999996,0.0,0.0,180.0,5.000004768371582
57.55167599999999,0.0,0.0,180.0,5.000004768371582
57.601679999999995,0.0,0.0,180.0,5.000004768371582
57.65167999999999,0.0,0.0,180.0,5.000004768371582
57.701679999999996,0.0,0.0,180.0,5.000004768371582
57.751684,0.0,0.0,180.0,5.000004768371582
57.801683999999995,0.0,0.0,180.0,5.000004768371582
57.85168399999999,0.0,0.0,180.0,5.000004768371582
57.90168799999999,0.0,0.0,180.0,5.000004768371582
57.951688,0.0,0.0,180.0,5.000004768371582
58.00169199999999,0.0,0.0,180.0,5.000004768371582
58.051691999999996,0.0,0.0,180.0,5.000004768371582
58.10169199999999,0.0,0.0,180.0,5.000004768371582
58.151692,0.0,0.0,180.0,5.000004768371582
58.20169599999999,0.0,0.0,180.0,5.000004768371582
58.251695999999995,0.0,0.0,180.0,5.000004768371582
58.3017,0.0,0.0,180.0,5.000004768371582
58.351699999999994,0.0,0.0,180.0,5.000004768371582
58.40169999999999,0.0,0.0,180.0,5.000004768371582
58.451699999999995,0.0,0.0,180.0,5.000004768371582
58.501704,0.0,0.0,180.0,5.000004768371582
58.551703999999994,0.0,0.0,180.0,5.000004768371582
58.601707999999995,0.0,0.0,200.0,5.000004768371582
58.65170799999999,0.0,0.0,200.0,5.000004768371582
58.701707999999996,0.0,0.0,200.0,5.000004768371582
58.751707999999994,0.0,0.0,200.0,5.000004768371582
58.801711999999995,0.0,0.0,200.0,5.000004768371582
58.85171199999999,0.0,0.0,200.0,5.000004768371582
58.90171599999999,0.0,0.0,200.0,5.000004768371582
58.951716,0.0,0.0,200.0,5.000004768371582
59.001715999999995,0.0,0.0,200.0,5.000004768371582
59.05171599999999,0.0,0.0,200.0,5.000004768371582
59.10171999999999,0.0,0.0,200.0,5.000004768371582
59.15172,0.0,0.0,200.0,5.000004768371582
59.20172399999999,0.0,0.0,200.0,5.000004768371582
59.251723999999996,0.0,0.0,200.0,5.000004768371582
59.30172399999999,0.0,0.0,200.0,5.000004768371582
59.351724,0.0,0.0,200.0,5.000004768371582
59.40172799999999,0.0,0.0,200.0,5.000004768371582
59.451727999999996,0.0,0.0,200.0,5.000004768371582
59.501732,0.0,0.0,200.0,5.000004768371582
59.551731999999994,0.0,0.0,200.0,5.000004768371582
59.60173199999999,0.0,0.0,200.0,5.000004768371582
59.65173599999999,0.0,0.0,200.0,5.000004768371582
59.701736,0.0,0.0,200.0,5.000004768371582
59.751735999999994,0.0,0.0,200.0,5.000004768371582
59.801739999999995,0.0,0.0,200.0,5.000004768371582
59.85173999999999,0.0,0.0,200.0,5.000004768371582
59.90174,0.0,0.0,200.0,5.000004768371582
59.95174399999999,0.0,0.0,200.0,5.000004768371582
60.001743999999995,0.0,0.0,200.0,5.000004768371582
60.051747999999996,0.0,0.0,200.0,5.000004768371582
60.10174799999999,0.0,0.0,200.0,5.000004768371582
60.15174799999999,0.0,0.0,200.0,5.000004768371582
60.201747999999995,0.0,0.0,200.0,5.000004768371582
60.251751999999996,0.0,0.0,200.0,5.000004768371582
60.30175199999999,0.0,0.0,200.0,5.000004768371582
60.351755999999995,0.0,0.0,200.0,5.000004768371582
60.40175599999999,0.0,0.0,200.0,5.000004768371582
60.451755999999996,0.0,0.0,200.0,5.000004768371582
60.50175599999999,0.0,0.0,200.0,5.000004768371582
60.551759999999994,0.0,0.0,200.0,5.000004768371582
60.60175999999999,0.0,0.0,200.0,5.000004768371582
60.65176399999999,0.0,0.0,200.0,5.000004768371582
60.701764,0.0,0.0,200.0,5.000004768371582
60.751763999999994,0.0,0.0,200.0,5.000004768371582
60.80176399999999,0.0,0.0,200.0,5.000004768371582
60.85176799999999,0.0,0.0,200.0,5.000004768371582
60.901768,0.0,0.0,200.0,5.000004768371582
60.95177199999999,0.0,0.0,200.0,5.000004768371582
61.001771999999995,0.0,0.0,200.0,5.000004768371582
61.05177199999999,0.0,0.0,200.0,5.000004768371582
61.101772,0.0,0.0,200.0,5.000004768371582
61.15177599999999,0.0,0.0,200.0,5.000004768371582
61.201775999999995,0.0,0.0,200.0,5.000004768371582
61.25178,0.0,0.0,200.0,5.000004768371582
61.301779999999994,0.0,0.0,200.0,5.000004768371582
61.35177999999999,0.0,0.0,200.0,5.000004768371582
61.401779999999995,0.0,0.0,200.0,5.000004768371582
61.451783999999996,0.0,0.0,200.0,5.000004768371582
61.501783999999994,0.0,0.0,200.0,5.000004768371582
61.551787999999995,0.0,0.0,200.0,5.000004768371582
61.60178799999999,0.0,0.0,200.0,5.000004768371582
61.651787999999996,0.0,0.0,200.0,5.000004768371582
61.701795999999995,0.0,0.0,200.0,5.000004768371582
61.751799999999996,0.0,0.0,200.0,5.000004768371582
61.80179999999999,0.0,0.0,200.0,5.000004768371582
61.851803999999994,0.0,0.0,200.0,5.000004768371582
61.90180399999999,0.0,0.0,200.0,5.000004768371582
61.951803999999996,0.0,0.0,200.0,5.000004768371582
62.001808,0.0,0.0,200.0,5.000004768371582
62.051807999999994,0.0,0.0,200.0,5.000004768371582
62.10180799999999,0.0,0.0,200.0,5.000004768371582
62.15181199999999,0.0,0.0,200.0,5.000004768371582
62.201812,0.0,0.0,200.0,5.000004768371582
62.251811999999994,0.0,0.0,200.0,5.000004768371582
62.301815999999995,0.0,0.0,200.0,5.000004768371582
62.35181599999999,0.0,0.0,200.0,5.000004768371582
62.401819999999994,0.0,0.0,200.0,5.000004768371582
62.45181999999999,0.0,0.0,200.0,5.000004768371582
62.501819999999995,0.0,0.0,200.0,5.000004768371582
62.55181999999999,0.0,0.0,200.0,5.000004768371582
62.60182399999999,0.0,0.0,200.0,5.000004768371582
62.65182399999999,0.0,0.0,200.0,5.000004768371582
62.70182799999999,0.0,0.0,200.0,5.000004768371582
62.75182799999999,0.0,0.0,200.0,5.000004768371582
62.801828,0.0,0.0,200.0,5.000004768371582
62.851828,0.0,0.0,200.0,5.000004768371582
62.901832,0.0,0.0,200.0,5.000004768371582
62.951831999999996,0.0,0.0,200.0,5.000004768371582
63.001836,0.0,0.0,200.0,5.000004768371582
63.051835999999994,0.0,0.0,200.0,5.000004768371582
63.10183599999999,0.0,0.0,200.0,5.000004768371582
63.15183599999999,0.0,0.0,200.0,5.000004768371582
63.20183999999999,0.0,0.0,200.0,5.000004768371582
63.25183999999999,0.0,0.0,200.0,5.000004768371582
63.30184399999999,0.0,0.0,200.0,5.000004768371582
63.351844,0.0,0.0,200.0,5.000004768371582
63.401844,0.0,0.0,200.0,5.000004768371582
63.451843999999994,0.0,0.0,200.0,5.000004768371582
63.501847999999995,0.0,0.0,200.0,5.000004768371582
63.55184799999999,0.0,0.0,200.0,5.000004768371582
63.601851999999994,0.0,0.0,200.0,5.000004768371582
63.65185199999999,0.0,0.0,200.0,5.000004768371582
63.70185199999999,0.0,0.0,200.0,5.000004768371582
63.751852,0.0,0.0,200.0,5.000004768371582
63.801856,0.0,0.0,200.0,5.000004768371582
63.851856,0.0,0.0,200.0,5.000004768371582
63.90186,0.0,0.0,200.0,5.000004768371582
63.951859999999996,0.0,0.0,200.0,5.000004768371582
64.00186,0.0,0.0,200.0,5.000004768371582
64.051864,0.0,0.0,200.0,5.000004768371582
64.10186399999999,0.0,0.0,200.0,5.000004768371582
64.15186399999999,0.0,0.0,200.0,5.000004768371582
64.20186799999999,0.0,0.0,200.0,5.000004768371582
64.25186799999999,0.0,0.0,200.0,5.000004768371582
64.301868,0.0,0.0,200.0,5.000004768371582
64.351872,0.0,0.0,200.0,5.000004768371582
64.401872,0.0,0.0,200.0,5.000004768371582
64.451876,0.0,0.0,200.0,5.000004768371582
64.501876,0.0,0.0,200.0,5.000004768371582
64.551876,0.0,0.0,200.0,5.000004768371582
64.60187599999999,0.0,0.0,220.0,5.000004768371582
64.65187999999999,0.0,0.0,220.0,5.000004768371582
64.70187999999999,0.0,0.0,220.0,5.000004768371582
64.75188399999999,0.0,0.0,220.0,5.000004768371582
64.80188399999999,0.0,0.0,220.0,5.000004768371582
64.851884,0.0,0.0,220.0,5.000004768371582
64.901884,0.0,0.0,220.0,5.000004768371582
64.951888,0.0,0.0,220.0,5.000004768371582
65.001888,0.0,0.0,220.0,5.000004768371582
65.051892,0.0,0.0,220.0,5.000004768371582
65.10189199999999,0.0,0.0,220.0,5.000004768371582
65.15189199999999,0.0,0.0,220.0,5.000004768371582
65.201892,0.0,0.0,220.0,5.000004768371582
65.25189599999999,0.0,0.0,220.0,5.000004768371582
65.301896,0.0,0.0,220.0,5.000004768371582
65.3519,0.0,0.0,220.0,5.000004768371582
65.4019,0.0,0.0,220.0,5.000004768371582
65.4519,0.0,0.0,220.0,5.000004768371582
65.50189999999999,0.0,0.0,220.0,5.000004768371582
65.551904,0.0,0.0,220.0,5.000004768371582
65.60190399999999,0.0,0.0,220.0,5.000004768371582
65.65190799999999,0.0,0.0,220.0,5.000004768371582
65.70190799999999,0.0,0.0,220.0,5.000004768371582
65.751908,0.0,0.0,220.0,5.000004768371582
65.801908,0.0,0.0,220.0,5.000004768371582
65.851912,0.0,0.0,220.0,5.000004768371582
65.901912,0.0,0.0,220.0,5.000004768371582
65.951916,0.0,0.0,220.0,5.000004768371582
66.00192,10.0,104.71128845214844,220.0,5.000004768371582
66.05192,23.0,240.85523986816406,220.0,5.000004768371582
66.101928,28.0,293.1681823730469,220.0,5.000004768371582
66.151928,30.0,314.15899658203125,220.0,5.000004768371582
66.201932,30.0,314.1338806152344,220.0,5.000004768371582
66.251936,32.0,335.0761413574219,220.0,5.000004768371582
66.30193999999999,30.0,314.1338806152344,220.0,5.000004768371582
66.35194,31.0,324.6309814453125,220.0,5.000004768371582
66.40194,31.0,324.6309814453125,220.0,5.000004768371582
66.451944,30.0,314.1338806152344,220.0,5.000004768371582
66.501948,32.0,335.0761413574219,220.0,5.000004768371582
66.551948,31.0,324.6309814453125,220.0,5.000004768371582
66.601948,31.0,324.6309814453125,220.0,5.000004768371582
66.651952,31.0,324.6050109863281,220.0,5.000004768371582
66.701956,32.0,335.0761413574219,220.0,5.000004768371582
66.75196,30.0,314.1338806152344,220.0,5.000004768371582
66.801964,31.0,324.6050109863281,220.0,5.000004768371582
66.851964,31.0,324.6309814453125,220.0,5.000004768371582
66.90196399999999,31.0,324.6309814453125,220.0,5.000004768371582
66.951968,32.0,335.0761413574219,220.0,5.000004768371582
67.001972,32.0,335.0761413574219,220.0,5.000004768371582
67.05197199999999,30.0,314.15899658203125,220.0,5.000004768371582
67.10197199999999,31.0,324.6309814453125,220.0,5.000004768371582
67.15197599999999,32.0,335.0761413574219,220.0,5.000004768371582
67.20197999999999,31.0,324.6050109863281,220.0,5.000004768371582
67.25197999999999,30.0,314.15899658203125,220.0,5.000004768371582
67.30198,31.0,324.6309814453125,220.0,5.000004768371582
67.35198,32.0,335.1029357910156,220.0,5.000004768371582
67.40198,31.0,324.6309814453125,220.0,5.000004768371582
67.45197999999999,30.0,314.15899658203125,220.0,5.000004768371582
67.501984,31.0,324.6050109863281,220.0,5.000004768371582
67.55198399999999,32.0,335.1029357910156,220.0,5.000004768371582
67.60198799999999,31.0,324.6050109863281,220.0,5.000004768371582
67.65198799999999,31.0,324.6309814453125,220.0,5.000004768371582
67.70199199999999,32.0,335.0761413574219,220.0,5.000004768371582
67.75199199999999,32.0,335.1029357910156,220.0,5.000004768371582
67.80199599999999,31.0,324.6050109863281,220.0,5.000004768371582
67.851996,30.0,314.15899658203125,220.0,5.000004768371582
67.901996,32.0,335.1029357910156,220.0,5.000004768371582
67.951996,31.0,324.6309814453125,220.0,5.000004768371582
68.00199599999999,31.0,324.6309814453125,220.0,5.000004768371582
68.05199599999999,31.0,324.6309814453125,220.0,5.000004768371582
68.10199999999999,32.0,335.0761413574219,220.0,5.000004768371582
68.15199999999999,32.0,335.1029357910156,220.0,5.000004768371582
68.20200399999999,31.0,324.6050109863281,220.0,5.000004768371582
68.252004,31.0,324.6309814453125,220.0,5.000004768371582
68.302008,32.0,335.0761413574219,220.0,5.000004768371582
68.35201199999999,31.0,324.6050109863281,220.0,5.000004768371582
68.402012,31.0,324.6309814453125,220.0,5.000004768371582
68.452012,31.0,324.6309814453125,220.0,5.000004768371582
68.502012,32.0,335.1029357910156,220.0,5.000004768371582
68.55201199999999,32.0,335.1029357910156,220.0,5.000004768371582
68.60201599999999,31.0,324.6050109863281,220.0,5.000004768371582
68.65202,30.0,314.1338806152344,220.0,5.000004768371582
68.702024,31.0,324.6050109863281,220.0,5.000004768371582
68.752028,32.0,335.0761413574219,220.0,5.000004768371582
68.80202799999999,31.0,324.6309814453125,220.0,5.000004768371582
68.85202799999999,31.0,324.6309814453125,220.0,5.000004768371582
68.90202799999999,31.0,324.6309814453125,220.0,5.000004768371582
68.95203199999999,32.0,335.0761413574219,220.0,5.000004768371582
69.002032,32.0,335.1029357910156,220.0,5.000004768371582
69.05203599999999,31.0,324.6050109863281,220.0,5.000004768371582
69.102036,31.0,324.6309814453125,220.0,5.000004768371582
69.15204,32.0,335.0761413574219,220.0,5.000004768371582
69.20204,32.0,335.1029357910156,220.0,5.000004768371582
69.252044,31.0,324.6050109863281,220.0,5.000004768371582
69.302044,31.0,324.6309814453125,220.0,5.000004768371582
69.35204399999999,31.0,324.6309814453125,220.0,5.000004768371582
69.40204399999999,32.0,335.1029357910156,220.0,5.000004768371582
69.452044,31.0,324.6309814453125,220.0,5.000004768371582
69.502044,30.0,314.15899658203125,220.0,5.000004768371582
69.552044,31.0,324.6309814453125,220.0,5.000004768371582
69.602048,32.0,335.0761413574219,220.0,5.000004768371582
69.652052,31.0,324.6050109863281,220.0,5.000004768371582
69.702052,31.0,324.6309814453125,220.0,5.000004768371582
69.75205199999999,31.0,324.6309814453125,220.0,5.000004768371582
69.802056,31.0,324.6050109863281,220.0,5.000004768371582
69.85205599999999,32.0,335.1029357910156,220.0,5.000004768371582
69.90205599999999,31.0,324.6309814453125,220.0,5.000004768371582
69.95205999999999,30.0,314.1338806152344,220.0,5.000004768371582
70.00206,31.0,324.6309814453125,220.0,5.000004768371582
70.05206,31.0,324.6309814453125,220.0,5.000004768371582
70.10206,30.0,314.15899658203125,220.0,5.000004768371582
70.15205999999999,31.0,324.6309814453125,220.0,5.000004768371582
70.202064,32.0,335.0761413574219,220.0,5.000004768371582
70.252068,31.0,324.6050109863281,220.0,5.000004768371582
70.302076,31.0,324.57904052734375,220.0,5.000004768371582
70.352076,31.0,324.6309814453125,220.0,5.000004768371582
70.40208,32.0,335.0761413574219,220.0,5.000004768371582
70.452084,31.0,324.6050109863281,220.0,5.000004768371582
70.502084,31.0,324.6309814453125,220.0,5.000004768371582
70.552084,31.0,324.6309814453125,220.0,5.000004768371582
70.60208399999999,31.0,324.6309814453125,240.0,5.000004768371582
70.65208799999999,33.0,345.5472717285156,240.0,5.000004768371582
70.70208799999999,33.0,345.5749206542969,240.0,5.000004768371582
70.752088,34.0,356.046875,240.0,5.000004768371582
70.80209199999999,35.0,366.4895324707031,240.0,5.000004768371582
70.85209599999999,34.0,356.0184020996094,240.0,5.000004768371582
70.902096,34.0,356.046875,240.0,5.000004768371582
70.95209999999999,34.0,356.0184020996094,240.0,5.000004768371582
71.0021,35.0,366.5188293457031,240.0,5.000004768371582
71.0521,34.0,356.046875,240.0,5.000004768371582
71.1021,35.0,366.5188293457031,240.0,5.000004768371582
71.15209999999999,35.0,366.5188293457031,240.0,5.000004768371582
71.20210399999999,34.0,356.0184020996094,240.0,5.000004768371582
71.25210799999999,34.0,356.0184020996094,240.0,5.000004768371582
71.302112,34.0,356.0184020996094,240.0,5.000004768371582
71.352116,35.0,366.4895324707031,240.0,5.000004768371582
71.40212,34.0,356.0184020996094,240.0,5.000004768371582
71.45212,35.0,366.5188293457031,240.0,5.000004768371582
71.50211999999999,35.0,366.5188293457031,240.0,5.000004768371582
71.55212399999999,34.0,356.0184020996094,240.0,5.000004768371582
71.60212399999999,35.0,366.5188293457031,240.0,5.000004768371582
71.652124,34.0,356.046875,240.0,5.000004768371582
71.702124,36.0,376.9908142089844,240.0,5.000004768371582
71.752128,34.0,356.0184020996094,240.0,5.000004768371582
71.802128,35.0,366.5188293457031,240.0,5.000004768371582
71.852132,35.0,366.4895324707031,240.0,5.000004768371582
71.902132,35.0,366.5188293457031,240.0,5.000004768371582
71.95213199999999,35.0,366.5188293457031,240.0,5.000004768371582
72.002136,34.0,356.0184020996094,240.0,5.000004768371582
72.05213599999999,35.0,366.5188293457031,240.0,5.000004768371582
72.10213999999999,34.0,356.0184020996094,240.0,5.000004768371582
72.15213999999999,35.0,366.5188293457031,240.0,5.000004768371582
72.20214,34.0,356.046875,240.0,5.000004768371582
72.25214,35.0,366.5188293457031,240.0,5.000004768371582
72.30214,34.0,356.046875,240.0,5.000004768371582
72.352144,34.0,356.0184020996094,240.0,5.000004768371582
72.402148,35.0,366.4895324707031,240.0,5.000004768371582
72.452152,34.0,356.0184020996094,240.0,5.000004768371582
72.502156,35.0,366.4895324707031,240.0,5.000004768371582
72.552156,34.0,356.046875,240.0,5.000004768371582
72.602156,35.0,366.5188293457031,240.0,5.000004768371582
72.65216,34.0,356.0184020996094,240.0,5.000004768371582
72.702164,35.0,366.4895324707031,240.0,5.000004768371582
72.752164,35.0,366.5188293457031,240.0,5.000004768371582
72.80216399999999,34.0,356.046875,240.0,5.000004768371582
72.85216399999999,35.0,366.5188293457031,240.0,5.000004768371582
72.90216799999999,34.0,356.0184020996094,240.0,5.000004768371582
72.952168,35.0,366.5188293457031,240.0,5.000004768371582
73.00217199999999,34.0,356.0184020996094,240.0,5.000004768371582
73.05217599999999,34.0,356.0184020996094,240.0,5.000004768371582
73.10217999999999,35.0,366.4895324707031,240.0,5.000004768371582
73.15218399999999,34.0,356.0184020996094,240.0,5.000004768371582
73.20218399999999,35.0,366.5188293457031,240.0,5.000004768371582
73.25218799999999,34.0,356.0184020996094,240.0,5.000004768371582
73.30218799999999,35.0,366.5188293457031,240.0,5.000004768371582
73.352188,34.0,356.046875,240.0,5.000004768371582
73.402188,35.0,366.5188293457031,240.0,5.000004768371582
73.45218799999999,35.0,366.5188293457031,240.0,5.000004768371582
73.502192,34.0,356.0184020996094,240.0,5.000004768371582
73.552196,35.0,366.4895324707031,240.0,5.000004768371582
73.6022,34.0,356.0184020996094,240.0,5.000004768371582
73.652204,35.0,366.4895324707031,240.0,5.000004768371582
73.702208,34.0,356.0184020996094,240.0,5.000004768371582
73.752208,35.0,366.5188293457031,240.0,5.000004768371582
73.802208,35.0,366.5188293457031,240.0,5.000004768371582
73.852216,35.0,366.460205078125,240.0,5.000004768371582
73.90222,35.0,366.4895324707031,240.0,5.000004768371582
73.95222399999999,34.0,356.0184020996094,240.0,5.000004768371582
74.00222799999999,35.0,366.4895324707031,240.0,5.000004768371582
74.05223199999999,34.0,356.0184020996094,240.0,5.000004768371582
74.10223199999999,35.0,366.5188293457031,240.0,5.000004768371582
74.15223599999999,35.0,366.4895324707031,240.0,5.000004768371582
74.202236,35.0,366.5188293457031,240.0,5.000004768371582
74.252236,35.0,366.5188293457031,240.0,5.000004768371582
74.30224,34.0,356.0184020996094,240.0,5.000004768371582
74.352244,35.0,366.4895324707031,240.0,5.000004768371582
74.402248,34.0,356.0184020996094,240.0,5.000004768371582
74.452248,35.0,366.5188293457031,240.0,5.000004768371582
74.502252,34.0,356.0184020996094,240.0,5.000004768371582
74.552252,35.0,366.5188293457031,240.0,5.000004768371582
74.602252,34.0,356.046875,240.0,5.000004768371582
74.65225199999999,35.0,366.5188293457031,240.0,5.000004768371582
74.70225599999999,35.0,366.4895324707031,240.0,5.000004768371582
74.75225999999999,34.0,356.0184020996094,240.0,5.000004768371582
74.80225999999999,35.0,366.5188293457031,240.0,5.000004768371582
74.85225999999999,34.0,356.046875,240.0,5.000004768371582
74.90226,35.0,366.5188293457031,240.0,5.000004768371582
74.952264,34.0,356.0184020996094,240.0,5.000004768371582
75.002264,35.0,366.5188293457031,240.0,5.000004768371582
75.052268,35.0,366.4895324707031,240.0,5.000004768371582
75.102268,35.0,366.5188293457031,240.0,5.000004768371582
75.15226799999999,34.0,356.046875,240.0,5.000004768371582
75.20226799999999,35.0,366.5188293457031,240.0,5.000004768371582
75.25227199999999,35.0,366.4895324707031,240.0,5.000004768371582
75.30227199999999,34.0,356.046875,240.0,5.000004768371582
75.35227599999999,35.0,366.4895324707031,240.0,5.000004768371582
75.40227999999999,34.0,356.0184020996094,240.0,5.000004768371582
75.45228399999999,35.0,366.4895324707031,240.0,5.000004768371582
75.502288,34.0,356.0184020996094,240.0,5.000004768371582
75.55228799999999,35.0,366.5188293457031,240.0,5.000004768371582
75.60229199999999,34.0,356.0184020996094,240.0,5.000004768371582
75.65229199999999,35.0,366.5188293457031,240.0,5.000004768371582
75.702292,34.0,356.046875,240.0,5.000004768371582
75.752292,35.0,366.5188293457031,240.0,5.000004768371582
75.802292,35.0,366.5188293457031,240.0,5.000004768371582
75.852296,34.0,356.0184020996094,240.0,5.000004768371582
75.90229599999999,34.0,356.046875,240.0,5.000004768371582
75.95229599999999,34.0,356.046875,240.0,5.000004768371582
76.00229999999999,35.0,366.4895324707031,240.0,5.000004768371582
76.05229999999999,34.0,356.046875,240.0,5.000004768371582
76.1023,35.0,366.5188293457031,240.0,5.000004768371582
76.1523,35.0,366.5188293457031,240.0,5.000004768371582
76.20230799999999,35.0,366.460205078125,240.0,5.000004768371582
76.252308,35.0,366.5188293457031,240.0,5.000004768371582
76.302308,34.0,356.046875,240.0,5.000004768371582
76.352308,35.0,366.5188293457031,240.0,5.000004768371582
76.402312,34.0,356.0184020996094,240.0,5.000004768371582
76.452316,35.0,366.4895324707031,240.0,5.000004768371582
76.50232,34.0,356.0184020996094,240.0,5.000004768371582
76.552324,36.0,376.9606628417969,240.0,5.000004768371582
76.602324,34.0,356.046875,255.0,5.000004768371582
76.652324,36.0,376.9908142089844,255.0,5.000004768371582
76.70232399999999,36.0,376.9908142089844,255.0,5.000004768371582
76.75232399999999,37.0,387.4627990722656,255.0,5.000004768371582
76.802324,37.0,387.4627990722656,255.0,5.000004768371582
76.852328,36.0,376.9606628417969,255.0,5.000004768371582
76.902328,37.0,387.4627990722656,255.0,5.000004768371582
76.952328,37.0,387.4627990722656,255.0,5.000004768371582
77.002332,36.0,376.9606628417969,255.0,5.000004768371582
77.05233199999999,37.0,387.4627990722656,255.0,5.000004768371582
77.102336,37.0,387.4317932128906,255.0,5.000004768371582
77.15234,36.0,376.9606628417969,255.0,5.000004768371582
77.202344,37.0,387.4317932128906,255.0,5.000004768371582
77.252344,38.0,397.93475341796875,255.0,5.000004768371582
77.302348,37.0,387.4317932128906,255.0,5.000004768371582
77.35234799999999,36.0,376.9908142089844,255.0,5.000004768371582
77.402352,37.0,387.4317932128906,255.0,5.000004768371582
77.45235199999999,38.0,397.93475341796875,255.0,5.000004768371582
77.50235599999999,36.0,376.9606628417969,255.0,5.000004768371582
77.55236,37.0,387.4317932128906,255.0,5.000004768371582
77.60235999999999,38.0,397.93475341796875,255.0,5.000004768371582
77.65236399999999,37.0,387.4317932128906,255.0,5.000004768371582
77.70236799999999,37.0,387.4317932128906,255.0,5.000004768371582
77.75236799999999,38.0,397.93475341796875,255.0,5.000004768371582
77.80236799999999,37.0,387.4627990722656,255.0,5.000004768371582
77.852368,36.0,376.9908142089844,255.0,5.000004768371582
77.902372,37.0,387.4317932128906,255.0,5.000004768371582
77.95237599999999,38.0,397.9029235839844,255.0,5.000004768371582
78.002376,37.0,387.4627990722656,255.0,5.000004768371582
78.052376,36.0,376.9908142089844,255.0,5.000004768371582
78.10237599999999,38.0,397.93475341796875,255.0,5.000004768371582
78.15237599999999,37.0,387.4627990722656,255.0,5.000004768371582
78.20237999999999,36.0,376.9606628417969,255.0,5.000004768371582
78.25237999999999,37.0,387.4627990722656,255.0,5.000004768371582
78.30238399999999,38.0,397.9029235839844,255.0,5.000004768371582
78.35238799999999,37.0,387.4317932128906,255.0,5.000004768371582
78.40239199999999,37.0,387.4317932128906,255.0,5.000004768371582
78.45239199999999,38.0,397.93475341796875,255.0,5.000004768371582
78.50239599999999,37.0,387.4317932128906,255.0,5.000004768371582
78.55239599999999,37.0,387.4627990722656,255.0,5.000004768371582
78.60239999999999,37.0,387.4317932128906,255.0,5.000004768371582
78.6524,37.0,387.4627990722656,255.0,5.000004768371582
78.7024,37.0,387.4627990722656,255.0,5.000004768371582
78.7524,38.0,397.93475341796875,255.0,5.000004768371582
78.802404,37.0,387.4317932128906,255.0,5.000004768371582
78.85240399999999,36.0,376.9908142089844,255.0,5.000004768371582
78.902408,37.0,387.4317932128906,255.0,5.000004768371582
78.95240799999999,38.0,397.93475341796875,255.0,5.000004768371582
79.00240799999999,37.0,387.4627990722656,255.0,5.000004768371582
79.05241199999999,36.0,376.9606628417969,255.0,5.000004768371582
79.10241599999999,37.0,387.4317932128906,255.0,5.000004768371582
79.15241599999999,38.0,397.93475341796875,255.0,5.000004768371582
79.20241999999999,36.0,376.9606628417969,255.0,5.000004768371582
79.25242399999999,37.0,387.4317932128906,255.0,5.000004768371582
79.30242399999999,38.0,397.93475341796875,255.0,5.000004768371582
79.35242799999999,37.0,387.4317932128906,255.0,5.000004768371582
79.40243199999999,37.0,387.4317932128906,255.0,5.000004768371582
79.45243199999999,38.0,397.93475341796875,255.0,5.000004768371582
79.502432,37.0,387.4627990722656,255.0,5.000004768371582
79.552432,36.0,376.9908142089844,255.0,5.000004768371582
79.602432,37.0,387.4627990722656,255.0,5.000004768371582
79.652436,37.0,387.4317932128906,255.0,5.000004768371582
79.70244,36.0,376.9606628417969,255.0,5.000004768371582
79.75243999999999,37.0,387.4627990722656,255.0,5.000004768371582
79.80243999999999,37.0,387.4627990722656,255.0,5.000004768371582
79.85243999999999,36.0,376.9908142089844,255.0,5.000004768371582
79.90244,37.0,387.4627990722656,255.0,5.000004768371582
79.95244799999999,38.0,397.87109375,255.0,5.000004768371582
80.00245199999999,37.0,387.4317932128906,255.0,5.000004768371582
80.05245599999999,37.0,387.4317932128906,255.0,5.000004768371582
80.10245599999999,38.0,397.93475341796875,255.0,5.000004768371582
80.15245599999999,37.0,387.4627990722656,255.0,5.000004768371582
80.20245999999999,36.0,376.9606628417969,255.0,5.000004768371582
80.25246,37.0,387.4627990722656,255.0,5.000004768371582
80.30246399999999,38.0,397.9029235839844,255.0,5.000004768371582
80.35246799999999,37.0,387.4317932128906,255.0,5.000004768371582
80.40247199999999,37.0,387.4317932128906,255.0,5.000004768371582
80.452472,38.0,397.93475341796875,255.0,5.000004768371582
80.502472,37.0,387.4627990722656,255.0,5.000004768371582
80.552476,37.0,387.4317932128906,255.0,5.000004768371582
80.60248,37.0,387.4317932128906,255.0,5.000004768371582
80.65248,38.0,397.93475341796875,255.0,5.000004768371582
80.702484,37.0,387.4317932128906,255.0,5.000004768371582
80.752488,37.0,387.4317932128906,255.0,5.000004768371582
80.802488,38.0,397.93475341796875,255.0,5.000004768371582
80.852492,37.0,387.4317932128906,255.0,5.000004768371582
80.902492,36.0,376.9908142089844,255.0,5.000004768371582
80.952496,38.0,397.9029235839844,255.0,5.000004768371582
81.002496,38.0,397.93475341796875,255.0,5.000004768371582
81.0525,36.0,376.9606628417969,255.0,5.000004768371582
81.102504,37.0,387.4317932128906,255.0,5.000004768371582
81.152504,38.0,397.93475341796875,255.0,5.000004768371582
81.202508,37.0,387.4317932128906,255.0,5.000004768371582
81.252512,37.0,387.4317932128906,255.0,5.000004768371582
81.302512,38.0,397.93475341796875,255.0,5.000004768371582
81.352516,36.0,376.9606628417969,255.0,5.000004768371582
81.40252,37.0,387.4317932128906,255.0,5.000004768371582
81.45251999999999,38.0,397.93475341796875,255.0,5.000004768371582
81.502524,37.0,387.4317932128906,255.0,5.000004768371582
81.552528,37.0,387.4317932128906,255.0,5.000004768371582
81.60252799999999,38.0,397.93475341796875,255.0,5.000004768371582
81.65252799999999,37.0,387.4627990722656,255.0,5.000004768371582
81.70253199999999,37.0,387.4317932128906,255.0,5.000004768371582
81.75253599999999,37.0,387.4317932128906,255.0,5.000004768371582
81.80254,37.0,387.4317932128906,255.0,5.000004768371582
81.85253999999999,37.0,387.4627990722656,255.0,5.000004768371582
81.90254399999999,37.0,387.4317932128906,255.0,5.000004768371582
81.95254399999999,38.0,397.93475341796875,255.0,5.000004768371582
82.00254799999999,37.0,387.4317932128906,255.0,5.000004768371582
82.05254799999999,36.0,376.9908142089844,255.0,5.000004768371582
82.10255199999999,37.0,387.4317932128906,255.0,5.000004768371582
82.152552,38.0,397.93475341796875,255.0,5.000004768371582
82.202552,37.0,387.4627990722656,255.0,5.000004768371582
82.252552,37.0,387.4627990722656,255.0,5.000004768371582
82.30255199999999,38.0,397.93475341796875,255.0,5.000004768371582
82.35255599999999,37.0,387.4317932128906,255.0,5.000004768371582
82.40256,37.0,387.4317932128906,255.0,5.000004768371582
82.45255999999999,38.0,397.93475341796875,255.0,5.000004768371582
82.50255999999999,37.0,387.4627990722656,255.0,5.000004768371582
82.55256,37.0,387.4627990722656,255.0,5.000004768371582
82.60256399999999,37.0,387.4317932128906,255.0,5.000004768371582
82.65256799999999,38.0,397.9029235839844,255.0,5.000004768371582
82.702568,37.0,387.4627990722656,255.0,5.000004768371582
82.752568,36.0,376.9908142089844,255.0,5.000004768371582
82.802568,37.0,387.4627990722656,255.0,5.000004768371582
82.85256799999999,38.0,397.93475341796875,255.0,5.000004768371582
82.90257199999999,37.0,387.4317932128906,255.0,5.000004768371582
82.95257199999999,37.0,387.4627990722656,255.0,5.000004768371582
83.00257599999999,38.0,397.9029235839844,255.0,5.000004768371582
83.05257599999999,37.0,387.4627990722656,255.0,5.000004768371582
83.102576,36.0,376.9908142089844,255.0,5.000004768371582
83.152576,37.0,387.4627990722656,255.0,5.000004768371582
83.202576,38.0,397.93475341796875,255.0,5.000004768371582
83.25258,37.0,387.4317932128906,255.0,5.000004768371582
83.30257999999999,36.0,376.9908142089844,255.0,5.000004768371582
83.352584,37.0,387.4317932128906,255.0,5.000004768371582
83.40258399999999,38.0,397.93475341796875,255.0,5.000004768371582
83.45258399999999,37.0,387.4627990722656,255.0,5.000004768371582
83.50258799999999,37.0,387.4317932128906,255.0,5.000004768371582
83.55259199999999,38.0,397.9029235839844,255.0,5.000004768371582
83.60259599999999,37.0,387.4317932128906,255.0,5.000004768371582
83.65259999999999,36.0,376.9606628417969,255.0,5.000004768371582
83.70259999999999,37.0,387.4627990722656,255.0,5.000004768371582
83.75259999999999,38.0,397.93475341796875,255.0,5.000004768371582
83.80260399999999,37.0,387.4317932128906,255.0,5.000004768371582
83.85260799999999,37.0,387.4317932128906,255.0,5.000004768371582
83.90260799999999,38.0,397.93475341796875,255.0,5.000004768371582
83.952608,38.0,397.93475341796875,255.0,5.000004768371582
84.002612,36.0,376.9606628417969,255.0,5.000004768371582
84.05261599999999,37.0,387.4317932128906,255.0,5.000004768371582
84.10261999999999,37.0,387.4317932128906,255.0,5.000004768371582
84.15262,36.0,376.9908142089844,255.0,5.000004768371582
84.202624,37.0,387.4317932128906,255.0,5.000004768371582
84.252624,38.0,397.93475341796875,255.0,5.000004768371582
84.302624,37.0,387.4627990722656,255.0,5.000004768371582
84.352628,37.0,387.4317932128906,255.0,5.000004768371582
84.402632,37.0,387.4317932128906,255.0,5.000004768371582
84.452632,38.0,397.93475341796875,255.0,5.000004768371582
84.502636,37.0,387.4317932128906,255.0,5.000004768371582
84.55264,36.0,376.9606628417969,255.0,5.000004768371582
84.60264,37.0,387.4627990722656,255.0,5.000004768371582
84.652644,37.0,387.4317932128906,255.0,5.000004768371582
84.70264399999999,36.0,376.9908142089844,255.0,5.000004768371582
84.75264399999999,37.0,387.4627990722656,255.0,5.000004768371582
84.80264799999999,38.0,397.9029235839844,255.0,5.000004768371582
84.85264799999999,37.0,387.4627990722656,255.0,5.000004768371582
84.902648,37.0,387.4627990722656,255.0,5.000004768371582
84.952648,38.0,397.93475341796875,255.0,5.000004768371582
85.002652,37.0,387.4317932128906,255.0,5.000004768371582
85.052656,36.0,376.9606628417969,255.0,5.000004768371582
85.102656,37.0,387.4627990722656,255.0,5.000004768371582
85.152656,38.0,397.93475341796875,255.0,5.000004768371582
85.20265599999999,37.0,387.4627990722656,255.0,5.000004768371582
85.25265999999999,36.0,376.9606628417969,255.0,5.000004768371582
85.302664,37.0,387.4317932128906,255.0,5.000004768371582
85.35266399999999,38.0,397.93475341796875,255.0,5.000004768371582
85.40266799999999,37.0,387.4317932128906,255.0,5.000004768371582
85.45267199999999,37.0,387.4317932128906,255.0,5.000004768371582
85.50267199999999,38.0,397.93475341796875,255.0,5.000004768371582
85.55267599999999,37.0,387.4317932128906,255.0,5.000004768371582
85.60267599999999,36.0,376.9908142089844,255.0,5.000004768371582
85.65267999999999,37.0,387.4317932128906,255.0,5.000004768371582
85.70267999999999,38.0,397.93475341796875,255.0,5.000004768371582
85.75268,37.0,387.4627990722656,255.0,5.000004768371582
85.802684,36.0,376.9606628417969,255.0,5.000004768371582
85.852684,37.0,387.4627990722656,255.0,5.000004768371582
85.902688,38.0,397.9029235839844,255.0,5.000004768371582
85.952692,37.0,387.4317932128906,255.0,5.000004768371582
86.00269599999999,37.0,387.4317932128906,255.0,5.000004768371582
86.052696,37.0,387.4627990722656,255.0,5.000004768371582
86.102696,37.0,387.4627990722656,255.0,5.000004768371582
86.1527,36.0,376.9606628417969,255.0,5.000004768371582
86.2027,37.0,387.4627990722656,255.0,5.000004768371582
86.252704,38.0,397.9029235839844,255.0,5.000004768371582
86.30270399999999,37.0,387.4627990722656,255.0,5.000004768371582
86.35270799999999,36.0,376.9606628417969,255.0,5.000004768371582
86.40270799999999,37.0,387.4627990722656,255.0,5.000004768371582
86.45271199999999,38.0,397.9029235839844,255.0,5.000004768371582
86.50271599999999,37.0,387.4317932128906,255.0,5.000004768371582
86.55272,37.0,387.4317932128906,255.0,5.000004768371582
86.60271999999999,38.0,397.93475341796875,255.0,5.000004768371582
86.65271999999999,37.0,387.4627990722656,255.0,5.000004768371582
86.70272399999999,37.0,387.4317932128906,255.0,5.000004768371582
86.75272799999999,38.0,397.9029235839844,255.0,5.000004768371582
86.80273199999999,37.0,387.4317932128906,255.0,5.000004768371582
86.852736,37.0,387.4317932128906,255.0,5.000004768371582
86.90273599999999,37.0,387.4627990722656,255.0,5.000004768371582
86.95273599999999,37.0,387.4627990722656,255.0,5.000004768371582
87.00273999999999,37.0,387.4317932128906,255.0,5.000004768371582
87.05274,36.0,376.9908142089844,255.0,5.000004768371582
87.10274399999999,38.0,397.9029235839844,255.0,5.000004768371582
87.152744,38.0,397.93475341796875,255.0,5.000004768371582
87.202744,37.0,387.4627990722656,255.0,5.000004768371582
87.25274399999999,37.0,387.4627990722656,255.0,5.000004768371582
87.30274399999999,38.0,397.93475341796875,255.0,5.000004768371582
87.35274799999999,37.0,387.4317932128906,255.0,5.000004768371582
87.40275199999999,37.0,387.4317932128906,255.0,5.000004768371582
87.45275199999999,37.0,387.4627990722656,255.0,5.000004768371582
87.50275199999999,38.0,397.93475341796875,255.0,5.000004768371582
87.55275599999999,37.0,387.4317932128906,255.0,5.000004768371582
87.602756,37.0,387.4627990722656,255.0,5.000004768371582
87.65275999999999,38.0,397.9029235839844,255.0,5.000004768371582
87.70276,38.0,397.93475341796875,255.0,5.000004768371582
87.752764,37.0,387.4317932128906,255.0,5.000004768371582
87.80276799999999,37.0,387.4317932128906,255.0,5.000004768371582
87.852768,38.0,397.93475341796875,255.0,5.000004768371582
87.902772,37.0,387.4317932128906,255.0,5.000004768371582
87.95277599999999,37.0,387.4317932128906,255.0,5.000004768371582
88.002776,37.0,387.4627990722656,255.0,5.000004768371582
88.052776,38.0,397.93475341796875,255.0,5.000004768371582
88.10277599999999,37.0,387.4627990722656,255.0,5.000004768371582
88.15277999999999,36.0,376.9606628417969,255.0,5.000004768371582
88.20277999999999,37.0,387.4627990722656,255.0,5.000004768371582
88.25278399999999,38.0,397.9029235839844,255.0,5.000004768371582
88.30278799999999,37.0,387.4317932128906,255.0,5.000004768371582
88.352792,36.0,376.9606628417969,255.0,5.000004768371582
88.40279199999999,37.0,387.4627990722656,255.0,5.000004768371582
88.45279199999999,38.0,397.93475341796875,255.0,5.000004768371582
88.50279599999999,37.0,387.4317932128906,255.0,5.000004768371582
88.55279599999999,36.0,376.9908142089844,255.0,5.000004768371582
88.60279999999999,37.0,387.4317932128906,0.0,5.000004768371582
88.6528,22.0,230.38328552246094,0.0,5.000004768371582
88.70280399999999,4.0,41.884517669677734,0.0,5.000004768371582
88.75280799999999,0.0,0.0,0.0,5.000004768371582
88.802808,0.0,0.0,0.0,5.000004768371582
88.852808,0.0,0.0,0.0,5.000004768371582
88.902812,0.0,0.0,0.0,5.000004768371582
88.952812,0.0,0.0,0.0,5.000004768371582
89.00281199999999,0.0,0.0,0.0,5.000004768371582
89.05281599999999,0.0,0.0,0.0,5.000004768371582
89.10281599999999,0.0,0.0,0.0,5.000004768371582
89.15281599999999,0.0,0.0,0.0,5.000004768371582
89.20281999999999,0.0,0.0,0.0,5.000004768371582
89.25282,0.0,0.0,0.0,5.000004768371582
89.30282,0.0,0.0,0.0,5.000004768371582
89.352824,0.0,0.0,0.0,5.000004768371582
89.402824,0.0,0.0,0.0,5.000004768371582
89.452828,0.0,0.0,0.0,5.000004768371582
89.502828,0.0,0.0,0.0,5.000004768371582
89.55282799999999,0.0,0.0,0.0,5.000004768371582
89.60282799999999,0.0,0.0,0.0,5.000004768371582
89.65283199999999,0.0,0.0,0.0,5.000004768371582
89.70283199999999,0.0,0.0,0.0,5.000004768371582
89.75283599999999,0.0,0.0,0.0,5.000004768371582
89.802836,0.0,0.0,0.0,5.000004768371582
89.852836,0.0,0.0,0.0,5.000004768371582
89.902836,0.0,0.0,0.0,5.000004768371582
89.95284,0.0,0.0,0.0,5.000004768371582
