Time,accX,accY,accZ,wx,wy,wz
0.0,28.0,-243.0,16758.0,51.0,-22.0,48.0
0.010000000000000009,24.0,-301.0,16748.0,41.0,-22.0,50.0
0.02001200000000014,12.0,-304.0,16762.0,47.0,-19.0,48.0
0.030008000000000035,41.0,-282.0,16740.0,43.0,-19.0,48.0
0.04000400000000015,12.0,-283.0,16740.0,49.0,-22.0,49.0
0.050000000000000044,44.0,-252.0,16722.0,45.0,-18.0,45.0
0.06000800000000006,19.0,-242.0,16749.0,48.0,-16.0,51.0
0.07000800000000007,12.0,-249.0,16740.0,48.0,-21.0,50.0
0.08000400000000019,78.0,-261.0,16745.0,45.0,-21.0,54.0
0.09000000000000008,24.0,-285.0,16744.0,46.0,-23.0,51.0
0.1000040000000002,20.0,-330.0,16718.0,45.0,-24.0,52.0
0.1100080000000001,53.0,-354.0,16775.0,51.0,-21.0,53.0
0.12000800000000011,22.0,-311.0,16766.0,47.0,-19.0,48.0
0.13000000000000012,41.0,-260.0,16742.0,49.0,-23.0,49.0
0.14000000000000012,46.0,-278.0,16784.0,51.0,-27.0,52.0
0.15000800000000014,10.0,-248.0,16775.0,47.0,-21.0,53.0
0.16000800000000015,24.0,-302.0,16783.0,40.0,-22.0,50.0
0.17000000000000015,39.0,-325.0,16746.0,44.0,-19.0,46.0
0.18000400000000005,40.0,-302.0,16729.0,44.0,-19.0,47.0
0.19001600000000018,65.0,-302.0,16757.0,43.0,-22.0,49.0
0.20000800000000019,41.0,-276.0,16761.0,45.0,-22.0,48.0
0.2100000000000002,71.0,-265.0,16753.0,46.0,-22.0,49.0
0.2200040000000001,26.0,-257.0,16745.0,46.0,-16.0,50.0
0.230008,67.0,-300.0,16757.0,42.0,-25.0,53.0
0.2400040000000001,32.0,-278.0,16756.0,42.0,-23.0,54.0
0.250008,6.0,-291.0,16780.0,48.0,-21.0,49.0
0.2599960000000001,35.0,-309.0,16762.0,48.0,-23.0,49.0
0.27000400000000013,65.0,-263.0,16719.0,42.0,-15.0,49.0
0.28000800000000003,65.0,-269.0,16747.0,44.0,-20.0,49.0
0.29000400000000015,30.0,-267.0,16738.0,45.0,-22.0,47.0
0.30000000000000004,20.0,-277.0,16751.0,48.0,-24.0,49.0
0.31000000000000005,4.0,-274.0,16760.0,50.0,-22.0,52.0
0.32000800000000007,25.0,-314.0,16731.0,48.0,-23.0,47.0
0.3300080000000001,24.0,-314.0,16745.0,43.0,-22.0,50.0
0.3400000000000001,6.0,-286.0,16717.0,44.0,-16.0,48.0
0.3500000000000001,37.0,-317.0,16777.0,47.0,-28.0,53.0
0.360004,13.0,-325.0,16767.0,50.0,-18.0,49.0
0.3700080000000001,7.0,-285.0,16771.0,46.0,-25.0,49.0
0.3800000000000001,18.0,-261.0,16741.0,42.0,-27.0,49.0
0.3900000000000001,11.0,-302.0,16738.0,44.0,-18.0,44.0
0.40000800000000014,-4.0,-294.0,16758.0,44.0,-23.0,48.0
0.41000800000000015,33.0,-303.0,16754.0,44.0,-15.0,44.0
0.42000800000000016,46.0,-304.0,16698.0,46.0,-20.0,45.0
0.42999600000000004,23.0,-255.0,16766.0,48.0,-20.0,48.0
0.44000000000000017,22.0,-274.0,16774.0,49.0,-19.0,45.0
0.4500080000000002,-13.0,-243.0,16745.0,45.0,-16.0,51.0
0.4600040000000001,-21.0,-288.0,16740.0,41.0,-20.0,51.0
0.4700000000000002,26.0,-303.0,16763.0,43.0,-20.0,51.0
0.4800040000000001,27.0,-288.0,16762.0,46.0,-20.0,52.0
0.4900120000000001,22.0,-306.0,16723.0,50.0,-24.0,48.0
0.500008,46.0,-277.0,16727.0,42.0,-20.0,52.0
0.51,31.0,-298.0,16779.0,49.0,-20.0,46.0
0.52,38.0,-261.0,16767.0,45.0,-19.0,52.0
0.530008,34.0,-274.0,16758.0,44.0,-23.0,51.0
0.5400040000000002,-14.0,-288.0,16741.0,42.0,-23.0,50.0
0.5500000000000003,19.0,-311.0,16748.0,45.0,-19.0,48.0
0.56,36.0,-313.0,16767.0,48.0,-21.0,50.0
0.5700080000000001,64.0,-310.0,16743.0,50.0,-22.0,50.0
0.5800080000000003,71.0,-236.0,16764.0,44.0,-20.0,56.0
0.5900080000000001,30.0,-289.0,16740.0,41.0,-21.0,47.0
0.6000040000000002,21.0,-277.0,16757.0,46.0,-21.0,50.0
0.6099999999999999,37.0,-270.0,16767.0,47.0,-22.0,53.0
0.6200040000000002,37.0,-278.0,16758.0,43.0,-15.0,48.0
0.6300080000000001,5.0,-322.0,16754.0,43.0,-19.0,46.0
0.6400000000000001,38.0,-255.0,16731.0,44.0,-19.0,45.0
0.6499999999999999,23.0,-294.0,16743.0,46.0,-19.0,51.0
0.660012,42.0,-278.0,16750.0,44.0,-23.0,48.0
0.6700080000000002,28.0,-273.0,16767.0,45.0,-25.0,50.0
0.6800000000000002,26.0,-269.0,16748.0,47.0,-22.0,51.0
0.69,56.0,-299.0,16702.0,47.0,-22.0,47.0
0.700008,54.0,-312.0,16737.0,41.0,-19.0,50.0
0.7100080000000002,31.0,-298.0,16763.0,46.0,-19.0,51.0
0.7200039999999999,29.0,-320.0,16758.0,44.0,-21.0,52.0
0.73,14.0,-288.0,16734.0,45.0,-23.0,52.0
0.7400039999999999,24.0,-280.0,16736.0,45.0,-21.0,47.0
0.7500080000000002,22.0,-267.0,16735.0,37.0,-19.0,47.0
0.760008,20.0,-303.0,16741.0,49.0,-23.0,50.0
0.77,45.0,-301.0,16755.0,41.0,-15.0,51.0
0.7800039999999999,3.0,-333.0,16757.0,49.0,-25.0,50.0
0.7900040000000002,34.0,-336.0,16723.0,44.0,-21.0,50.0
0.8000039999999999,36.0,-290.0,16776.0,44.0,-20.0,50.0
0.8100040000000002,23.0,-275.0,16751.0,44.0,-21.0,51.0
0.820004,2.0,-272.0,16748.0,44.0,-17.0,51.0
0.830012,33.0,-264.0,16753.0,43.0,-16.0,47.0
0.8400080000000001,23.0,-293.0,16780.0,43.0,-19.0,48.0
0.8500000000000001,0.0,-304.0,16740.0,47.0,-19.0,51.0
0.860004,2.0,-301.0,16753.0,49.0,-24.0,49.0
0.8700079999999999,12.0,-350.0,16738.0,45.0,-18.0,46.0
0.8800080000000001,62.0,-291.0,16749.0,47.0,-21.0,50.0
0.8900079999999999,44.0,-298.0,16736.0,49.0,-20.0,49.0
0.900004,27.0,-288.0,16742.0,44.0,-21.0,51.0
0.9100000000000001,16.0,-301.0,16771.0,46.0,-22.0,48.0
0.9200080000000002,5.0,-301.0,16718.0,45.0,-21.0,50.0
0.9300040000000003,13.0,-313.0,16757.0,43.0,-19.0,48.0
0.9400040000000001,41.0,-304.0,16770.0,43.0,-19.0,52.0
0.9500000000000002,55.0,-290.0,16734.0,51.0,-25.0,51.0
0.9600080000000002,26.0,-295.0,16752.0,45.0,-26.0,52.0
0.970008,-14.0,-263.0,16736.0,47.0,-18.0,53.0
0.9799959999999999,65.0,-278.0,16749.0,44.0,-12.0,52.0
0.9900039999999999,12.0,-279.0,16767.0,50.0,-22.0,48.0
1.0000080000000002,-3.0,-292.0,16763.0,39.0,-22.0,57.0
1.010004,11.0,-300.0,16770.0,47.0,-15.0,48.0
1.02,13.0,-288.0,16728.0,44.0,-16.0,50.0
1.0300000000000002,38.0,-282.0,16768.0,45.0,-22.0,49.0
1.0400080000000003,26.0,-271.0,16743.0,48.0,-22.0,52.0
1.050008,23.0,-296.0,16754.0,43.0,-19.0,52.0
1.0600079999999998,7.0,-294.0,16758.0,43.0,-19.0,53.0
1.0699999999999998,47.0,-301.0,16737.0,44.0,-20.0,54.0
1.08,23.0,-294.0,16760.0,43.0,-19.0,48.0
1.090004,6.0,-304.0,16744.0,39.0,-22.0,50.0
1.1000079999999999,39.0,-317.0,16738.0,44.0,-16.0,49.0
1.1099999999999999,64.0,-301.0,16760.0,46.0,-18.0,48.0
1.1200040000000002,16.0,-315.0,16756.0,46.0,-18.0,47.0
1.1300120000000002,10.0,-269.0,16764.0,46.0,-21.0,45.0
1.140008,-7.0,-281.0,16761.0,40.0,-21.0,47.0
1.15,18.0,-281.0,16776.0,47.0,-20.0,47.0
1.1600000000000001,42.0,-322.0,16747.0,43.0,-23.0,52.0
1.1700080000000002,-17.0,-312.0,16758.0,43.0,-18.0,47.0
1.1800040000000003,55.0,-268.0,16750.0,46.0,-21.0,44.0
1.19,16.0,-290.0,16777.0,41.0,-21.0,50.0
1.2000000000000002,3.0,-294.0,16757.0,48.0,-20.0,51.0
1.2100080000000002,14.0,-255.0,16777.0,46.0,-21.0,45.0
1.2200039999999999,57.0,-298.0,16723.0,45.0,-18.0,48.0
1.2300080000000002,11.0,-314.0,16752.0,47.0,-20.0,54.0
1.2400000000000002,46.0,-304.0,16767.0,43.0,-19.0,49.0
1.25,39.0,-297.0,16746.0,49.0,-17.0,46.0
1.260008,74.0,-297.0,16768.0,46.0,-23.0,48.0
1.2700040000000001,52.0,-307.0,16781.0,38.0,-19.0,46.0
1.2800000000000002,72.0,-275.0,16747.0,47.0,-24.0,50.0
1.29,44.0,-328.0,16738.0,47.0,-24.0,46.0
1.3000120000000002,41.0,-294.0,16758.0,42.0,-25.0,49.0
1.3100079999999998,28.0,-284.0,16768.0,42.0,-22.0,51.0
1.320004,30.0,-307.0,16775.0,49.0,-19.0,49.0
1.33,19.0,-289.0,16756.0,43.0,-22.0,53.0
1.340008,20.0,-279.0,16768.0,39.0,-21.0,51.0
1.3500079999999999,36.0,-238.0,16745.0,42.0,-18.0,50.0
1.3599999999999999,36.0,-313.0,16744.0,43.0,-20.0,52.0
1.37,26.0,-307.0,16762.0,45.0,-20.0,53.0
1.380004,44.0,-306.0,16745.0,41.0,-18.0,49.0
1.390008,12.0,-295.0,16733.0,47.0,-23.0,49.0
1.4000080000000001,15.0,-299.0,16729.0,49.0,-23.0,53.0
1.4100000000000001,25.0,-296.0,16761.0,47.0,-17.0,49.0
1.42,15.0,-270.0,16754.0,42.0,-19.0,51.0
1.430008,-5.0,-293.0,16752.0,48.0,-22.0,46.0
1.440004,34.0,-254.0,16754.0,39.0,-20.0,52.0
1.4500000000000002,20.0,-304.0,16756.0,43.0,-22.0,46.0
1.460004,31.0,-293.0,16769.0,47.0,-22.0,49.0
1.470012,42.0,-317.0,16751.0,49.0,-17.0,52.0
1.4800080000000002,35.0,-301.0,16739.0,45.0,-21.0,51.0
1.4900039999999999,5.0,-315.0,16731.0,40.0,-18.0,46.0
1.5000040000000001,49.0,-266.0,16777.0,46.0,-20.0,49.0
1.510004,0.0,-304.0,16751.0,43.0,-24.0,49.0
1.5200040000000001,33.0,-257.0,16716.0,52.0,-21.0,49.0
1.530008,55.0,-303.0,16746.0,49.0,-20.0,49.0
1.54,21.0,-338.0,16766.0,47.0,-24.0,49.0
1.5499999999999998,16.0,-304.0,16768.0,40.0,-22.0,49.0
1.5600079999999998,45.0,-288.0,16749.0,50.0,-20.0,51.0
1.570004,33.0,-278.0,16746.0,50.0,-24.0,47.0
1.58,39.0,-305.0,16726.0,44.0,-24.0,49.0
1.5899999999999999,39.0,-277.0,16753.0,48.0,-18.0,54.0
1.6000079999999999,43.0,-317.0,16762.0,45.0,-21.0,48.0
1.610008,18.0,-327.0,16734.0,43.0,-23.0,50.0
1.6200040000000002,37.0,-301.0,16763.0,42.0,-22.0,46.0
1.630004,44.0,-299.0,16748.0,45.0,-20.0,51.0
1.640008,33.0,-272.0,16747.0,45.0,-23.0,48.0
1.6500080000000001,1.0,-277.0,16756.0,49.0,-24.0,49.0
1.6600000000000001,9.0,-289.0,16752.0,44.0,-23.0,50.0
1.67,7.0,-283.0,16775.0,49.0,-24.0,48.0
1.680008,15.0,-300.0,16766.0,44.0,-21.0,49.0
1.6900080000000002,33.0,-291.0,16757.0,50.0,-20.0,51.0
1.700008,51.0,-311.0,16756.0,42.0,-19.0,53.0
1.71,-11.0,-255.0,16743.0,48.0,-21.0,48.0
1.7200039999999999,40.0,-285.0,16763.0,44.0,-25.0,50.0
1.730004,26.0,-286.0,16769.0,43.0,-18.0,49.0
1.740008,15.0,-274.0,16753.0,44.0,-19.0,46.0
1.75,37.0,-305.0,16754.0,43.0,-17.0,47.0
1.7600000000000002,31.0,-317.0,16760.0,47.0,-22.0,48.0
1.7700080000000002,31.0,-321.0,16749.0,45.0,-22.0,49.0
1.780004,37.0,-310.0,16742.0,48.0,-22.0,54.0
1.79,24.0,-280.0,16780.0,40.0,-19.0,48.0
1.7999960000000002,14.0,-279.0,16744.0,46.0,-16.0,46.0
1.8100079999999998,36.0,-313.0,16725.0,45.0,-22.0,53.0
1.820004,13.0,-293.0,16761.0,48.0,-18.0,52.0
1.83,32.0,-274.0,16767.0,46.0,-23.0,51.0
1.8399999999999999,38.0,-298.0,16761.0,38.0,-19.0,54.0
1.8500040000000002,46.0,-282.0,16753.0,45.0,-16.0,48.0
1.860008,42.0,-279.0,16748.0,46.0,-21.0,49.0
1.870008,5.0,-313.0,16742.0,46.0,-20.0,51.0
1.880004,49.0,-312.0,16748.0,48.0,-24.0,47.0
1.8900000000000001,45.0,-268.0,16769.0,41.0,-22.0,51.0
1.9000080000000001,-6.0,-316.0,16747.0,43.0,-21.0,46.0
1.910008,35.0,-318.0,16734.0,48.0,-18.0,47.0
1.92,30.0,-273.0,16756.0,52.0,-15.0,51.0
1.9300000000000002,-3.0,-271.0,16730.0,47.0,-26.0,51.0
1.9400119999999998,25.0,-285.0,16738.0,46.0,-21.0,48.0
1.950008,25.0,-260.0,16742.0,43.0,-23.0,48.0
1.960004,12.0,-286.0,16749.0,48.0,-23.0,56.0
1.9700000000000002,56.0,-288.0,16770.0,43.0,-19.0,47.0
1.9800080000000002,13.0,-292.0,16740.0,45.0,-22.0,53.0
1.990008,36.0,-324.0,16753.0,46.0,-22.0,54.0
2.000004,32.0,-277.0,16743.0,44.0,-25.0,53.0
2.0100000000000002,31.0,-299.0,16744.0,46.0,-24.0,48.0
2.02,11.0,-271.0,16766.0,46.0,-21.0,49.0
2.030004,44.0,-261.0,16771.0,45.0,-22.0,52.0
2.040008,6.0,-284.0,16756.0,42.0,-24.0,46.0
2.05,30.0,-295.0,16737.0,44.0,-18.0,49.0
2.06,19.0,-289.0,16763.0,37.0,-18.0,49.0
2.070008,69.0,-296.0,16721.0,45.0,-22.0,48.0
2.080008,73.0,-261.0,16764.0,43.0,-23.0,49.0
2.09,40.0,-279.0,16748.0,50.0,-21.0,46.0
2.1,-16.0,-266.0,16775.0,48.0,-16.0,52.0
2.110016,15.0,-264.0,16782.0,45.0,-18.0,47.0
2.120008,49.0,-292.0,16757.0,44.0,-22.0,48.0
2.130004,38.0,-251.0,16747.0,48.0,-20.0,51.0
2.14,60.0,-305.0,16742.0,44.0,-20.0,50.0
2.150008,52.0,-283.0,16748.0,42.0,-17.0,52.0
2.160008,39.0,-312.0,16764.0,44.0,-23.0,53.0
2.170008,28.0,-295.0,16780.0,48.0,-20.0,52.0
2.180004,23.0,-279.0,16731.0,44.0,-19.0,46.0
2.19,21.0,-279.0,16731.0,46.0,-20.0,50.0
2.200008,10.0,-293.0,16751.0,44.0,-12.0,48.0
2.210008,44.0,-292.0,16748.0,43.0,-19.0,52.0
2.220004,35.0,-269.0,16746.0,41.0,-21.0,47.0
2.23,16.0,-261.0,16724.0,52.0,-20.0,50.0
2.240008,36.0,-259.0,16764.0,42.0,-19.0,48.0
2.250008,34.0,-295.0,16747.0,47.0,-22.0,53.0
2.259996,47.0,-268.0,16771.0,43.0,-22.0,47.0
2.270004,15.0,-299.0,16779.0,40.0,-19.0,48.0
2.280008,13.0,-291.0,16760.0,44.0,-21.0,48.0
2.290008,34.0,-276.0,16752.0,43.0,-23.0,47.0
2.3,37.0,-300.0,16744.0,45.0,-20.0,49.0
2.31,46.0,-250.0,16754.0,44.0,-19.0,49.0
2.320008,14.0,-271.0,16745.0,42.0,-20.0,45.0
2.330008,37.0,-266.0,16717.0,44.0,-23.0,50.0
2.340008,23.0,-291.0,16709.0,46.0,-20.0,53.0
2.35,26.0,-289.0,16756.0,50.0,-25.0,55.0
2.36,50.0,-305.0,16755.0,43.0,-21.0,50.0
2.3700039999999998,41.0,-298.0,16734.0,49.0,-20.0,48.0
2.380004,16.0,-255.0,16767.0,46.0,-21.0,53.0
2.39,34.0,-255.0,16747.0,43.0,-20.0,54.0
2.400004,27.0,-294.0,16723.0,44.0,-24.0,61.0
2.410008,45.0,-279.0,16725.0,48.0,-22.0,50.0
2.420008,46.0,-286.0,16758.0,44.0,-21.0,53.0
2.43,18.0,-293.0,16761.0,44.0,-19.0,49.0
2.44,22.0,-314.0,16769.0,48.0,-26.0,54.0
2.450008,40.0,-281.0,16726.0,48.0,-23.0,54.0
2.460004,53.0,-261.0,16725.0,48.0,-24.0,48.0
2.47,49.0,-304.0,16729.0,44.0,-22.0,57.0
2.48,30.0,-267.0,16782.0,42.0,-20.0,50.0
2.490008,28.0,-289.0,16746.0,47.0,-25.0,53.0
2.500008,43.0,-297.0,16731.0,42.0,-22.0,53.0
2.510008,56.0,-280.0,16754.0,42.0,-17.0,50.0
2.52,21.0,-301.0,16758.0,46.0,-23.0,57.0
2.529996,46.0,-286.0,16723.0,44.0,-22.0,53.0
2.540008,-6.0,-248.0,16742.0,44.0,-24.0,50.0
2.5500079999999996,21.0,-274.0,16736.0,45.0,-23.0,51.0
2.56,53.0,-250.0,16751.0,45.0,-20.0,52.0
2.57,56.0,-291.0,16726.0,42.0,-21.0,53.0
2.580016,64.0,-328.0,16732.0,50.0,-22.0,50.0
2.5900079999999996,39.0,-301.0,16752.0,46.0,-23.0,49.0
2.6000039999999998,26.0,-291.0,16771.0,47.0,-25.0,52.0
2.61,11.0,-268.0,16742.0,50.0,-24.0,52.0
2.620008,18.0,-271.0,16758.0,41.0,-22.0,50.0
2.630004,46.0,-284.0,16755.0,49.0,-16.0,55.0
2.640004,28.0,-287.0,16752.0,44.0,-23.0,51.0
2.65,40.0,-266.0,16775.0,45.0,-21.0,53.0
2.6600040000000003,18.0,-281.0,16738.0,39.0,-22.0,49.0
2.6700079999999997,-23.0,-274.0,16761.0,42.0,-19.0,50.0
2.6800080000000004,31.0,-264.0,16745.0,43.0,-18.0,48.0
2.69,31.0,-297.0,16767.0,45.0,-19.0,50.0
2.6999999999999997,43.0,-269.0,16757.0,44.0,-21.0,53.0
2.7100079999999998,6.0,-338.0,16735.0,47.0,-18.0,47.0
2.7200080000000004,56.0,-299.0,16773.0,47.0,-19.0,53.0
2.73,37.0,-304.0,16735.0,42.0,-22.0,52.0
2.7400040000000003,49.0,-279.0,16733.0,48.0,-19.0,56.0
2.7500120000000003,0.0,-282.0,16761.0,45.0,-21.0,53.0
2.7600079999999996,58.0,-247.0,16743.0,45.0,-25.0,49.0
2.77,24.0,-272.0,16753.0,44.0,-19.0,51.0
2.7800040000000004,9.0,-275.0,16730.0,40.0,-20.0,50.0
2.790008,-8.0,-285.0,16758.0,42.0,-24.0,50.0
2.8000079999999996,39.0,-330.0,16758.0,40.0,-27.0,56.0
2.8100080000000003,41.0,-306.0,16778.0,47.0,-16.0,50.0
2.8200040000000004,24.0,-296.0,16759.0,40.0,-18.0,50.0
2.8299999999999996,39.0,-311.0,16760.0,44.0,-25.0,49.0
2.8400079999999996,27.0,-251.0,16755.0,46.0,-22.0,48.0
2.8500080000000003,15.0,-269.0,16761.0,46.0,-19.0,50.0
2.8600039999999995,31.0,-260.0,16778.0,46.0,-20.0,49.0
2.8699999999999997,38.0,-299.0,16766.0,51.0,-16.0,49.0
2.8800079999999997,52.0,-318.0,16745.0,44.0,-24.0,51.0
2.8900080000000004,51.0,-311.0,16758.0,50.0,-22.0,54.0
2.9,36.0,-311.0,16774.0,44.0,-24.0,54.0
2.9100040000000003,9.0,-317.0,16773.0,50.0,-21.0,47.0
2.9200079999999997,18.0,-300.0,16761.0,45.0,-20.0,48.0
2.9300080000000004,32.0,-252.0,16747.0,49.0,-21.0,49.0
2.9400039999999996,27.0,-290.0,16756.0,45.0,-17.0,53.0
2.9499999999999997,33.0,-288.0,16770.0,49.0,-19.0,49.0
2.9600079999999998,19.0,-303.0,16777.0,38.0,-22.0,49.0
2.9700079999999995,22.0,-284.0,16774.0,47.0,-21.0,47.0
2.980008,65.0,-280.0,16756.0,43.0,-18.0,50.0
2.9899999999999998,44.0,-252.0,16766.0,44.0,-20.0,46.0
2.9999999999999996,31.0,-279.0,16756.0,39.0,-22.0,56.0
3.0100079999999996,-15.0,-291.0,16729.0,48.0,-21.0,47.0
3.0200080000000002,38.0,-285.0,16764.0,41.0,-23.0,51.0
3.029996,8.0,-297.0,16749.0,45.0,-23.0,55.0
3.0399999999999996,22.0,-280.0,16753.0,44.0,-18.0,47.0
3.050012,53.0,-274.0,16766.0,49.0,-20.0,50.0
3.06,25.0,-266.0,16750.0,47.0,-20.0,53.0
3.0700040000000004,29.0,-277.0,16750.0,45.0,-20.0,50.0
3.079996,17.0,-295.0,16770.0,43.0,-20.0,46.0
3.0900079999999996,16.0,-294.0,16751.0,45.0,-27.0,50.0
3.1000039999999998,-4.0,-294.0,16761.0,40.0,-23.0,52.0
3.11,58.0,-275.0,16744.0,44.0,-23.0,50.0
3.1199999999999997,21.0,-297.0,16762.0,43.0,-23.0,48.0
3.1300079999999997,30.0,-261.0,16762.0,47.0,-22.0,50.0
3.1400080000000004,23.0,-299.0,16703.0,49.0,-19.0,49.0
3.150008,-7.0,-285.0,16757.0,48.0,-18.0,54.0
3.1600040000000003,-4.0,-281.0,16732.0,48.0,-22.0,48.0
3.1700000000000004,30.0,-287.0,16717.0,47.0,-20.0,48.0
3.180004,53.0,-271.0,16763.0,48.0,-25.0,54.0
3.190008,16.0,-294.0,16777.0,46.0,-22.0,50.0
3.1999999999999997,22.0,-279.0,16776.0,46.0,-24.0,52.0
3.2099999999999995,46.0,-307.0,16705.0,47.0,-23.0,53.0
3.220012,51.0,-266.0,16760.0,52.0,-24.0,55.0
3.230008,70.0,-250.0,16725.0,47.0,-22.0,50.0
3.2400040000000003,34.0,-273.0,16764.0,45.0,-28.0,52.0
3.2499999999999996,21.0,-284.0,16763.0,43.0,-22.0,54.0
3.2600079999999996,37.0,-286.0,16717.0,46.0,-27.0,56.0
3.2700080000000002,43.0,-259.0,16735.0,46.0,-28.0,55.0
3.28,14.0,-313.0,16729.0,39.0,-27.0,50.0
3.2899999999999996,36.0,-256.0,16742.0,39.0,-27.0,56.0
3.300004,23.0,-260.0,16730.0,49.0,-20.0,53.0
3.3100080000000003,64.0,-326.0,16724.0,38.0,-24.0,50.0
3.320008,45.0,-305.0,16740.0,40.0,-29.0,53.0
3.3299999999999996,67.0,-304.0,16731.0,43.0,-28.0,55.0
3.3400000000000003,41.0,-293.0,16733.0,38.0,-24.0,51.0
3.3500080000000003,24.0,-298.0,16748.0,46.0,-17.0,51.0
3.360008,42.0,-274.0,16749.0,42.0,-22.0,50.0
3.3699999999999997,68.0,-287.0,16742.0,49.0,-24.0,53.0
3.3800000000000003,40.0,-283.0,16750.0,43.0,-19.0,53.0
3.3900159999999997,9.0,-289.0,16737.0,48.0,-16.0,54.0
3.400008,8.0,-292.0,16760.0,51.0,-17.0,57.0
3.4099999999999997,54.0,-286.0,16747.0,49.0,-21.0,51.0
3.420004,23.0,-267.0,16761.0,46.0,-17.0,49.0
3.430004,65.0,-243.0,16737.0,48.0,-19.0,50.0
3.440008,53.0,-248.0,16754.0,45.0,-19.0,50.0
3.450008,46.0,-233.0,16735.0,53.0,-18.0,48.0
3.460004,30.0,-255.0,16758.0,49.0,-18.0,49.0
3.470004,22.0,-283.0,16768.0,60.0,-10.0,44.0
3.480008,34.0,-277.0,16739.0,58.0,-13.0,47.0
3.490008,56.0,-281.0,16736.0,67.0,-17.0,47.0
3.4999999999999996,-768.0,1907.0,16778.0,159.0,-40.0,844.0
3.510004,-7.0,-230.0,16776.0,101.0,-32.0,801.0
3.5200080000000002,-177.0,238.0,16703.0,62.0,-26.0,1217.0
3.530008,-119.0,-124.0,16746.0,44.0,-22.0,2262.0
3.5399999999999996,-31.0,2836.0,17360.0,299.0,-106.0,1029.0
3.5500000000000003,345.0,490.0,16793.0,1911.0,-1436.0,-1722.0
3.5600080000000003,-91.0,-480.0,16632.0,288.0,-357.0,-416.0
3.570008,-1212.0,-3937.0,16900.0,14.0,67.0,1822.0
3.5799999999999996,-304.0,-349.0,21228.0,6394.0,1356.0,3298.0
3.5900000000000003,689.0,665.0,14181.0,3729.0,128.0,1829.0
3.6000080000000003,-63.0,1461.0,20320.0,5182.0,-67.0,1563.0
3.6100039999999995,3137.0,3029.0,15330.0,4259.0,-681.0,-517.0
3.620008,1209.0,-1319.0,20103.0,578.0,-2093.0,-1892.0
3.6300000000000003,-871.0,-1782.0,17104.0,6466.0,-1105.0,-216.0
3.640004,-679.0,1353.0,21954.0,5033.0,-4695.0,-20.0
3.6500039999999996,-1245.0,2851.0,21505.0,12168.0,-7434.0,1058.0
3.660008,3027.0,7073.0,20451.0,17236.0,-10351.0,-1287.0
3.6700000000000004,1887.0,-334.0,16070.0,18459.0,-10046.0,-441.0
3.680004,5060.0,-7199.0,17373.0,18191.0,-8343.0,-4114.0
3.690012,251.0,654.0,10187.0,16293.0,-4357.0,-1859.0
3.7000040000000003,2444.0,4780.0,13284.0,8690.0,-3829.0,-2471.0
3.7099999999999995,2436.0,5617.0,16679.0,10948.0,-1763.0,-1599.0
3.72,2739.0,5006.0,11280.0,8380.0,-1345.0,1166.0
3.730008,1216.0,5076.0,12415.0,1826.0,-1376.0,-119.0
3.7400040000000003,29.0,2462.0,12791.0,-1280.0,-1920.0,-2165.0
3.7499999999999996,1657.0,8762.0,15498.0,-697.0,-1826.0,-4116.0
3.7600000000000002,2628.0,3708.0,16858.0,50.0,186.0,-1917.0
3.7700080000000002,5762.0,8968.0,12017.0,4604.0,4437.0,-2672.0
3.780008,2122.0,11486.0,13879.0,10272.0,6741.0,-4631.0
3.790008,2680.0,9158.0,14581.0,12661.0,7349.0,-5014.0
3.800004,2081.0,9946.0,16215.0,13321.0,5458.0,-4322.0
3.81,-1766.0,7343.0,16764.0,16662.0,5260.0,-3927.0
3.8200039999999995,-97.0,9807.0,14496.0,18961.0,4510.0,-3537.0
3.830004,1042.0,13402.0,13541.0,19433.0,1729.0,-775.0
3.840004,-1022.0,11811.0,12557.0,20160.0,828.0,1829.0
3.85,1144.0,13621.0,11691.0,21738.0,1152.0,3585.0
3.8600119999999998,863.0,11990.0,9775.0,23045.0,1421.0,5083.0
3.870008,879.0,10739.0,9180.0,21948.0,2228.0,3541.0
3.880004,1143.0,11726.0,7504.0,17935.0,1063.0,1105.0
3.89,930.0,13160.0,7355.0,15911.0,854.0,-608.0
3.900008,1523.0,13440.0,6493.0,14125.0,354.0,-1746.0
3.910008,579.0,14776.0,3720.0,9713.0,-803.0,-2298.0
3.9200000000000004,730.0,15322.0,3731.0,4628.0,-1379.0,-2502.0
3.93,1169.0,14732.0,5541.0,1998.0,-1085.0,-2881.0
3.9400039999999996,132.0,15141.0,7697.0,4348.0,730.0,-2780.0
3.950008,-566.0,15878.0,7318.0,7789.0,2203.0,-2141.0
3.9600079999999998,-64.0,15489.0,6228.0,8283.0,2393.0,-1568.0
3.97,-123.0,15329.0,6047.0,8769.0,43.0,-105.0
3.98,-68.0,15374.0,5739.0,10028.0,57.0,-115.0
3.990008,-91.0,15493.0,4435.0,10798.0,-20.0,-134.0
4.000004000000001,-101.0,15616.0,3557.0,11118.0,-37.0,-144.0
4.01,166.0,15903.0,2047.0,10613.0,-97.0,-199.0
4.020004,-25.0,16059.0,1090.0,8305.0,-102.0,-91.0
4.030011999999999,-53.0,16138.0,1064.0,6282.0,-105.0,-43.0
4.040008,-59.0,16122.0,1509.0,4779.0,-108.0,-27.0
4.0500039999999995,-28.0,16141.0,1769.0,4214.0,-105.0,-29.0
4.060003999999999,-78.0,16094.0,2104.0,4914.0,-102.0,-36.0
4.070003999999999,-133.0,16002.0,1384.0,6382.0,-65.0,-55.0
4.080007999999999,-149.0,16327.0,-741.0,5521.0,-72.0,-23.0
4.090007999999999,-118.0,16339.0,-689.0,3411.0,-44.0,24.0
4.100004,-113.0,16322.0,-661.0,1532.0,-3.0,43.0
4.109999999999999,-98.0,16314.0,-431.0,-342.0,10.0,53.0
4.120008,-84.0,16276.0,105.0,-1640.0,32.0,59.0
4.130008,-54.0,16192.0,1530.0,-1355.0,29.0,42.0
4.140000000000001,-70.0,16195.0,1188.0,-433.0,30.0,14.0
4.15,-124.0,16311.0,274.0,-1450.0,33.0,25.0
4.1600079999999995,-80.0,16183.0,1194.0,-1834.0,11.0,49.0
4.170007999999999,-127.0,16219.0,928.0,-1520.0,-6.0,62.0
4.18,-107.0,16202.0,1120.0,-2026.0,-28.0,86.0
4.190004,-121.0,16114.0,2327.0,-1077.0,-21.0,73.0
4.200008,-112.0,16156.0,1745.0,89.0,-25.0,52.0
4.210008,-86.0,16141.0,1679.0,888.0,-26.0,39.0
4.220003999999999,-74.0,16169.0,1220.0,1221.0,-22.0,27.0
4.23,-62.0,16260.0,919.0,913.0,-28.0,35.0
4.2400079999999996,-59.0,16186.0,1068.0,749.0,-26.0,33.0
4.250007999999999,-111.0,16216.0,716.0,912.0,-21.0,29.0
4.260004,-35.0,16207.0,1052.0,301.0,-14.0,30.0
4.270004,-58.0,16189.0,1442.0,828.0,-11.0,16.0
4.279999999999999,-97.0,16242.0,905.0,1075.0,-13.0,20.0
4.290004,-99.0,16200.0,627.0,677.0,-24.0,30.0
4.300008,-106.0,16257.0,799.0,373.0,-32.0,42.0
4.3100000000000005,-84.0,16255.0,874.0,279.0,-45.0,46.0
4.32,-85.0,16210.0,894.0,274.0,-52.0,50.0
4.330007999999999,-87.0,16256.0,668.0,191.0,-57.0,50.0
4.340004,-60.0,16187.0,962.0,21.0,-46.0,46.0
4.35,-47.0,16190.0,1082.0,382.0,-29.0,37.0
4.359999999999999,-99.0,16236.0,581.0,356.0,-21.0,35.0
4.370008,-59.0,16215.0,772.0,188.0,-12.0,32.0
4.380008,-92.0,16243.0,701.0,105.0,-10.0,36.0
4.390000000000001,-129.0,16236.0,457.0,-239.0,-17.0,43.0
4.4,-126.0,16289.0,409.0,-828.0,-17.0,61.0
4.4100079999999995,-102.0,16275.0,530.0,-1483.0,-10.0,71.0
4.420007999999999,-83.0,16269.0,477.0,-2068.0,-4.0,79.0
4.430007999999999,-103.0,16211.0,1139.0,-2619.0,1.0,89.0
4.4399999999999995,-62.0,16122.0,2069.0,-1569.0,15.0,70.0
4.449999999999999,-96.0,16107.0,2023.0,-360.0,4.0,48.0
4.460008,-80.0,16206.0,1589.0,390.0,-2.0,32.0
4.470003999999999,-46.0,16234.0,1468.0,802.0,-14.0,29.0
4.479996,-75.0,16197.0,1018.0,693.0,-19.0,38.0
4.490004000000001,-66.0,16242.0,863.0,323.0,-19.0,40.0
4.5000160000000005,-93.0,16193.0,937.0,-293.0,-18.0,57.0
4.510007999999999,-89.0,16184.0,1134.0,-716.0,-16.0,60.0
4.520004,-78.0,16197.0,1562.0,-509.0,-17.0,62.0
4.529999999999999,-72.0,16171.0,1883.0,-193.0,-17.0,51.0
4.540004,-25.0,16071.0,2330.0,1047.0,-14.0,28.0
4.550008,-85.0,16172.0,1787.0,2449.0,-31.0,4.0
4.5600000000000005,-121.0,16232.0,1014.0,2750.0,-38.0,6.0
4.57,-89.0,16197.0,394.0,2360.0,-43.0,9.0
4.580004000000001,-82.0,16311.0,68.0,1404.0,-39.0,26.0
4.590007999999999,-148.0,16260.0,251.0,425.0,-37.0,50.0
4.600008000000001,-125.0,16223.0,642.0,-138.0,-24.0,44.0
4.609999999999999,-122.0,16204.0,1087.0,34.0,-22.0,47.0
4.619999999999999,-130.0,16207.0,1111.0,371.0,-26.0,34.0
4.630008,-85.0,16210.0,1096.0,911.0,-42.0,33.0
4.640003999999999,-75.0,16243.0,665.0,1096.0,-58.0,28.0
4.65,-84.0,16229.0,377.0,766.0,-54.0,35.0
4.660004000000001,-109.0,16277.0,367.0,321.0,-43.0,51.0
4.670012,-51.0,16255.0,427.0,-229.0,-27.0,50.0
4.680007999999999,-105.0,16220.0,627.0,-360.0,-5.0,45.0
4.6899999999999995,-89.0,16224.0,660.0,-521.0,0.0,47.0
4.700004,-97.0,16183.0,926.0,-483.0,-4.0,52.0
4.710008,-106.0,16249.0,800.0,-338.0,-9.0,51.0
4.720008,-96.0,16192.0,578.0,-566.0,-13.0,52.0
4.730008,-88.0,16237.0,747.0,-762.0,-14.0,56.0
4.740004000000001,-74.0,16235.0,808.0,-817.0,-18.0,58.0
4.750004000000001,-96.0,16225.0,1020.0,-752.0,-19.0,58.0
4.760007999999999,-80.0,16177.0,1046.0,-602.0,-23.0,65.0
4.770008000000001,-122.0,16135.0,1612.0,143.0,-24.0,47.0
4.780004,-75.0,16213.0,1088.0,899.0,-26.0,39.0
4.789999999999999,-160.0,16244.0,770.0,808.0,-36.0,43.0
4.800008,-72.0,16217.0,952.0,900.0,-29.0,37.0
4.810008,-87.0,16226.0,819.0,1046.0,-23.0,26.0
4.819996,-91.0,16243.0,643.0,1018.0,-26.0,27.0
4.830004000000001,-75.0,16236.0,444.0,689.0,-23.0,28.0
4.840007999999999,-46.0,16254.0,410.0,225.0,-16.0,43.0
4.850008000000001,-36.0,16228.0,797.0,219.0,-18.0,42.0
4.860004,-62.0,16207.0,554.0,171.0,-23.0,49.0
4.869999999999999,-87.0,16233.0,714.0,19.0,-22.0,52.0
4.880008,-71.0,16227.0,1054.0,322.0,-15.0,36.0
4.890003999999999,-64.0,16262.0,385.0,461.0,-22.0,39.0
4.900008,-63.0,16309.0,-31.0,-320.0,-17.0,57.0
4.91,-62.0,16264.0,147.0,-1429.0,-6.0,72.0
4.92,-74.0,16264.0,642.0,-1996.0,2.0,74.0
4.930004,-91.0,16206.0,846.0,-2097.0,2.0,75.0
4.9399999999999995,-82.0,16200.0,1072.0,-2168.0,-1.0,78.0
4.949999999999999,-86.0,16162.0,1444.0,-1817.0,-11.0,75.0
4.959999999999999,-84.0,16149.0,1497.0,-1327.0,-18.0,61.0
4.970008,-72.0,16216.0,1282.0,-1033.0,-18.0,56.0
4.980008,-88.0,16201.0,1229.0,-1001.0,-17.0,62.0
4.99,-75.0,16258.0,1027.0,-1389.0,-4.0,65.0
5.0,-80.0,16184.0,1482.0,-1682.0,0.0,68.0
5.010007999999999,-75.0,16175.0,1789.0,-1526.0,3.0,68.0
5.020008000000001,-33.0,16209.0,1631.0,-1128.0,7.0,54.0
5.029999999999999,-63.0,16150.0,2211.0,-667.0,-5.0,55.0
5.039999999999999,-61.0,16137.0,1907.0,-197.0,-13.0,42.0
5.050008,-61.0,16146.0,1685.0,89.0,-18.0,45.0
5.060008,-65.0,16150.0,1709.0,129.0,-24.0,43.0
5.070003999999999,-68.0,16212.0,1470.0,-72.0,-19.0,40.0
5.080004000000001,-81.0,16192.0,1510.0,-310.0,-17.0,56.0
5.09,-70.0,16174.0,1803.0,-403.0,-13.0,51.0
5.100008000000001,-95.0,16157.0,1758.0,-195.0,-14.0,51.0
5.1100080000000005,-117.0,16150.0,1686.0,-147.0,-14.0,52.0
5.120004,-93.0,16177.0,1891.0,54.0,-12.0,40.0
5.129999999999999,-95.0,16138.0,1811.0,293.0,-21.0,42.0
5.1400120000000005,-101.0,16143.0,1956.0,596.0,-29.0,36.0
5.150008,-89.0,16195.0,1901.0,1036.0,-26.0,30.0
5.16,-86.0,16233.0,1544.0,1041.0,-31.0,29.0
5.17,-103.0,16173.0,1583.0,959.0,-27.0,35.0
5.180007999999999,-74.0,16239.0,1305.0,908.0,-24.0,36.0
5.190008000000001,-94.0,16169.0,1517.0,813.0,-30.0,35.0
5.200004,-101.0,16184.0,1446.0,820.0,-21.0,33.0
5.209999999999999,-99.0,16205.0,1253.0,793.0,-29.0,36.0
5.220003999999999,-72.0,16260.0,1024.0,217.0,-29.0,44.0
5.230008,-46.0,16215.0,1412.0,26.0,-20.0,47.0
5.2400079999999996,-33.0,16148.0,1547.0,331.0,-16.0,36.0
5.25,-74.0,16204.0,1106.0,206.0,-21.0,45.0
5.26,-62.0,16229.0,1126.0,-197.0,-17.0,51.0
5.270008000000001,-76.0,16198.0,1313.0,-438.0,-9.0,54.0
5.2800080000000005,-104.0,16222.0,1400.0,-421.0,-18.0,54.0
5.289999999999999,-106.0,16175.0,1578.0,-225.0,-19.0,44.0
5.3000039999999995,-122.0,16204.0,1636.0,206.0,-21.0,46.0
5.310012,-71.0,16188.0,1339.0,214.0,-22.0,46.0
5.320003999999999,-82.0,16227.0,1292.0,64.0,-24.0,50.0
5.330004000000001,-58.0,16211.0,1380.0,-30.0,-21.0,53.0
5.340004,-69.0,16190.0,1339.0,-127.0,-16.0,51.0
5.350004,-84.0,16221.0,1465.0,-197.0,-16.0,41.0
5.3600080000000005,-54.0,16192.0,1843.0,182.0,-16.0,37.0
5.370008,-65.0,16148.0,1586.0,620.0,-23.0,32.0
5.379999999999999,-87.0,16158.0,1610.0,841.0,-34.0,31.0
5.389996,-102.0,16188.0,1215.0,889.0,-38.0,31.0
5.400008,-53.0,16223.0,1054.0,584.0,-24.0,35.0
5.4100079999999995,-101.0,16226.0,1290.0,342.0,-21.0,41.0
5.42,-68.0,16180.0,1413.0,506.0,-26.0,39.0
5.43,-97.0,16190.0,1321.0,675.0,-26.0,34.0
5.440008000000001,-80.0,16202.0,1468.0,905.0,-26.0,28.0
5.450008,-101.0,16200.0,1137.0,1124.0,-32.0,31.0
5.459999999999999,-81.0,16251.0,759.0,730.0,-28.0,32.0
5.470000000000001,-99.0,16245.0,799.0,296.0,-20.0,37.0
5.480008,-122.0,16264.0,733.0,-114.0,-15.0,52.0
5.4900079999999996,-124.0,16231.0,944.0,-455.0,-8.0,55.0
5.500004000000001,-105.0,16195.0,1170.0,-526.0,-10.0,50.0
5.51,-91.0,16180.0,1238.0,-318.0,-17.0,46.0
5.520008000000001,-82.0,16201.0,1056.0,-247.0,-21.0,51.0
5.5300080000000005,-87.0,16215.0,1162.0,-373.0,-19.0,52.0
5.540004,-103.0,16230.0,1273.0,-236.0,-22.0,49.0
5.5500039999999995,-65.0,16198.0,1150.0,-255.0,-20.0,54.0
5.5600000000000005,-67.0,16190.0,1355.0,-292.0,-18.0,52.0
5.570003999999999,-89.0,16160.0,1548.0,228.0,-15.0,39.0
5.580007999999999,-74.0,16202.0,1082.0,392.0,-14.0,38.0
5.59,-99.0,16215.0,960.0,85.0,-17.0,45.0
5.6,-65.0,16179.0,1416.0,28.0,-11.0,39.0
5.6100080000000005,-74.0,16191.0,1293.0,292.0,-22.0,38.0
5.620004,-94.0,16223.0,1117.0,113.0,-18.0,43.0
5.629999999999999,-81.0,16186.0,1619.0,358.0,-25.0,42.0
5.639996,-72.0,16210.0,1194.0,741.0,-28.0,39.0
5.650008,-112.0,16178.0,1081.0,721.0,-28.0,34.0
5.6600079999999995,-95.0,16206.0,1171.0,868.0,-23.0,25.0
5.67,-94.0,16230.0,876.0,896.0,-21.0,30.0
5.68,-110.0,16269.0,663.0,567.0,-22.0,40.0
5.690008000000001,-62.0,16232.0,731.0,72.0,-28.0,46.0
5.700008,-86.0,16205.0,835.0,-192.0,-25.0,53.0
5.710008,-69.0,16209.0,845.0,-391.0,-25.0,51.0
5.720000000000001,-71.0,16247.0,991.0,-545.0,-22.0,53.0
5.73,-58.0,16180.0,1316.0,-412.0,-17.0,50.0
5.7400079999999996,-93.0,16192.0,1435.0,-96.0,-15.0,44.0
5.750007999999999,-76.0,16180.0,1478.0,535.0,-16.0,39.0
5.76,-103.0,16196.0,1060.0,843.0,-19.0,32.0
5.77,-91.0,16239.0,896.0,734.0,-27.0,38.0
5.780011999999999,-102.0,16236.0,761.0,436.0,-28.0,46.0
5.790008,-64.0,16265.0,771.0,209.0,-29.0,46.0
5.8000039999999995,-88.0,16247.0,600.0,-149.0,-28.0,45.0
5.8100000000000005,-49.0,16228.0,948.0,-436.0,-16.0,49.0
5.820008,-82.0,16228.0,1068.0,-304.0,-13.0,49.0
5.830007999999999,-113.0,16234.0,1064.0,-242.0,-14.0,48.0
5.840004,-101.0,16212.0,1001.0,-179.0,-18.0,46.0
5.85,-99.0,16226.0,1145.0,-48.0,-17.0,46.0
5.860004,-32.0,16182.0,1198.0,274.0,-24.0,39.0
5.870004,-99.0,16241.0,913.0,426.0,-24.0,38.0
5.880008,-86.0,16225.0,798.0,249.0,-26.0,46.0
5.890000000000001,-105.0,16225.0,831.0,39.0,-26.0,52.0
5.900003999999999,-87.0,16220.0,799.0,-208.0,-24.0,49.0
5.910004000000001,-65.0,16193.0,1091.0,-371.0,-17.0,49.0
5.9200040000000005,-65.0,16203.0,1267.0,36.0,-17.0,47.0
5.93,-76.0,16197.0,1225.0,293.0,-14.0,42.0
5.940004,-98.0,16201.0,950.0,457.0,-17.0,41.0
5.950011999999999,-74.0,16268.0,868.0,330.0,-24.0,47.0
5.960008,-110.0,16219.0,839.0,170.0,-19.0,46.0
5.970000000000001,-58.0,16204.0,772.0,-30.0,-26.0,48.0
5.980003999999999,-65.0,16183.0,958.0,-199.0,-27.0,47.0
5.9900079999999996,-45.0,16253.0,927.0,-273.0,-23.0,51.0
6.000007999999999,-119.0,16235.0,898.0,-417.0,-25.0,57.0
6.010007999999999,-63.0,16201.0,1402.0,-259.0,-16.0,51.0
6.020004,-83.0,16219.0,1240.0,217.0,-16.0,38.0
6.030004,-60.0,16224.0,1175.0,480.0,-16.0,37.0
6.040008,-81.0,16202.0,1013.0,622.0,-19.0,40.0
6.050008,-106.0,16248.0,738.0,453.0,-22.0,40.0
6.060003999999999,-82.0,16253.0,850.0,177.0,-21.0,43.0
6.07,-94.0,16232.0,1009.0,111.0,-31.0,46.0
6.080007999999999,-83.0,16172.0,1204.0,429.0,-34.0,41.0
6.090007999999999,-105.0,16194.0,725.0,416.0,-36.0,44.0
6.100004,-67.0,16266.0,768.0,157.0,-23.0,43.0
6.109999999999999,-89.0,16246.0,745.0,-65.0,-21.0,51.0
6.120004,-95.0,16214.0,931.0,-171.0,-12.0,51.0
6.130008,-83.0,16235.0,918.0,-190.0,-9.0,53.0
6.140000000000001,-74.0,16217.0,984.0,-179.0,-17.0,47.0
6.15,-86.0,16241.0,884.0,-227.0,-24.0,49.0
6.1600079999999995,-79.0,16193.0,1077.0,-119.0,-27.0,46.0
6.170007999999999,-94.0,16211.0,1026.0,63.0,-26.0,40.0
6.180007999999999,-59.0,16210.0,1032.0,181.0,-29.0,46.0
6.1899999999999995,-59.0,16190.0,1114.0,359.0,-24.0,43.0
6.199999999999999,-117.0,16243.0,825.0,455.0,-22.0,40.0
6.210004,-105.0,16242.0,725.0,294.0,-20.0,45.0
6.220003999999999,-61.0,16246.0,928.0,44.0,-20.0,53.0
6.23,-55.0,16226.0,1029.0,176.0,-17.0,44.0
6.24,-103.0,16251.0,688.0,-6.0,-18.0,45.0
6.250007999999999,-106.0,16330.0,560.0,-819.0,-2.0,62.0
6.260007999999999,-69.0,16196.0,1158.0,-843.0,3.0,57.0
6.27,-86.0,16216.0,1145.0,-372.0,-17.0,50.0
6.279999999999999,-105.0,16231.0,1053.0,-193.0,-8.0,50.0
6.290008,-90.0,16224.0,1075.0,-139.0,-10.0,42.0
6.300008,-36.0,16185.0,1076.0,-43.0,-24.0,49.0
6.3100000000000005,-88.0,16208.0,1031.0,-11.0,-27.0,51.0
6.32,-78.0,16246.0,820.0,-207.0,-20.0,57.0
6.330007999999999,-64.0,16210.0,872.0,-602.0,-12.0,58.0
6.340007999999999,-79.0,16199.0,1292.0,-581.0,-10.0,51.0
6.350007999999999,-93.0,16222.0,1351.0,-316.0,-11.0,51.0
6.359999999999999,-75.0,16182.0,1246.0,-112.0,-18.0,43.0
6.369999999999999,-103.0,16195.0,1204.0,36.0,-8.0,35.0
6.380008,-81.0,16245.0,1064.0,17.0,-14.0,43.0
6.390008,-91.0,16200.0,1211.0,39.0,-12.0,43.0
6.400003999999999,-128.0,16253.0,910.0,-62.0,-22.0,47.0
6.41,-83.0,16226.0,1023.0,-371.0,-20.0,53.0
6.420016,-94.0,16213.0,1161.0,-429.0,-17.0,49.0
6.430007999999999,-77.0,16206.0,1354.0,-375.0,-5.0,49.0
6.4399999999999995,-67.0,16175.0,1479.0,12.0,-24.0,48.0
6.449999999999999,-62.0,16176.0,1140.0,186.0,-20.0,46.0
6.460008,-106.0,16208.0,1041.0,-52.0,-19.0,53.0
6.470003999999999,-109.0,16209.0,1207.0,-83.0,-24.0,49.0
6.48,-77.0,16256.0,1160.0,-22.0,-19.0,42.0
6.490003999999999,-83.0,16229.0,1105.0,-164.0,-19.0,49.0
6.5,-84.0,16227.0,1082.0,-417.0,-12.0,46.0
6.510004,-86.0,16188.0,1248.0,-639.0,-17.0,56.0
6.520008000000001,-77.0,16206.0,1455.0,-535.0,-20.0,54.0
6.529999999999999,-73.0,16157.0,1388.0,-400.0,-18.0,48.0
6.539999999999999,-88.0,16219.0,1310.0,-420.0,-22.0,55.0
6.550008,-42.0,16167.0,1610.0,-202.0,-19.0,55.0
6.560008,-103.0,16171.0,1394.0,76.0,-24.0,49.0
6.5699999999999985,-74.0,16217.0,1082.0,-143.0,-16.0,56.0
6.580003999999999,-128.0,16207.0,1404.0,-449.0,0.0,62.0
6.590012,-368.0,16480.0,865.0,-92.0,307.0,295.0
6.600007999999999,-66.0,16198.0,1392.0,433.0,1559.0,180.0
6.609999999999999,-144.0,16225.0,1679.0,317.0,1139.0,118.0
6.620004,-216.0,16312.0,1393.0,112.0,846.0,243.0
6.630008,-245.0,16357.0,1414.0,-128.0,563.0,413.0
6.640008,-310.0,16433.0,1425.0,-138.0,142.0,709.0
6.650008,-421.0,16510.0,2191.0,-331.0,-260.0,1167.0
6.660003999999999,-166.0,16358.0,1447.0,-576.0,-1334.0,1476.0
6.67,-41.0,16437.0,1056.0,-935.0,-1516.0,1630.0
6.680007999999999,0.0,16369.0,1809.0,-1805.0,-2372.0,1836.0
6.690007999999999,300.0,16118.0,2230.0,-1194.0,-2458.0,1924.0
6.700004,112.0,16811.0,2103.0,-346.0,-2663.0,2224.0
6.709999999999999,5909.0,18143.0,13276.0,-22671.0,4548.0,5103.0
6.720008,540.0,15985.0,5829.0,-28834.0,6666.0,7333.0
6.730008,1116.0,16507.0,3689.0,-29397.0,7486.0,10019.0
6.740003999999999,2751.0,15990.0,-238.0,-22155.0,5860.0,10728.0
6.750003999999999,2189.0,17332.0,6569.0,-17448.0,6222.0,10776.0
6.760007999999999,2635.0,17115.0,6668.0,-14928.0,5908.0,8835.0
6.770007999999999,2790.0,15558.0,8046.0,-11509.0,3614.0,9360.0
6.780004,3425.0,14105.0,8915.0,-10122.0,2288.0,9089.0
6.789999999999999,2859.0,13817.0,10113.0,-10940.0,1569.0,8882.0
6.800008,2946.0,13610.0,10445.0,-11158.0,671.0,9480.0
6.810008,2654.0,12161.0,10193.0,-8773.0,-1264.0,9142.0
6.820003999999999,3021.0,12201.0,9513.0,-4888.0,-4385.0,6281.0
6.830003999999999,3685.0,11168.0,11183.0,-2572.0,-6069.0,5185.0
6.84,4365.0,11291.0,11123.0,-1276.0,-4957.0,5513.0
6.850007999999999,4491.0,11590.0,10587.0,1267.0,-4263.0,5638.0
6.860007999999999,5163.0,10460.0,10023.0,2258.0,-3386.0,5694.0
6.869999999999999,4920.0,9933.0,9756.0,3291.0,-2339.0,5048.0
6.880004,5642.0,9658.0,9662.0,4920.0,-1420.0,4423.0
6.890011999999999,4526.0,9209.0,8718.0,5506.0,-1447.0,5360.0
6.900008,5240.0,8892.0,8068.0,4006.0,-2170.0,6549.0
6.91,6590.0,8624.0,8448.0,2598.0,-4101.0,8892.0
6.92,7778.0,8995.0,8893.0,1035.0,-4804.0,9143.0
6.930007999999999,9042.0,10588.0,8717.0,728.0,-5360.0,9181.0
6.940004,11537.0,4503.0,3743.0,10481.0,-13073.0,15889.0
6.949999999999999,9484.0,13122.0,4071.0,-1636.0,-6406.0,-1022.0
6.959999999999999,15860.0,154.0,6635.0,-154.0,-5246.0,9175.0
6.970008,12838.0,9601.0,4879.0,-378.0,-9847.0,13288.0
6.980008,12219.0,9981.0,5641.0,3708.0,-10969.0,16389.0
6.990003999999999,11732.0,9271.0,5710.0,7337.0,-9688.0,20290.0
7.000003999999999,11179.0,8908.0,6131.0,13229.0,-8852.0,19686.0
7.01,9457.0,7846.0,13939.0,18916.0,-4100.0,15853.0
7.020007999999999,13493.0,6454.0,3755.0,22181.0,-1125.0,19171.0
7.030007999999999,13045.0,11682.0,874.0,26486.0,3464.0,16490.0
7.040004,13374.0,8768.0,-4336.0,24059.0,3867.0,14197.0
7.049999999999999,13922.0,9126.0,62.0,16996.0,6941.0,10297.0
7.060011999999999,13842.0,8679.0,4204.0,19177.0,3573.0,7698.0
7.070008,15959.0,3680.0,3046.0,9282.0,3351.0,8806.0
7.080003999999999,15368.0,11966.0,7845.0,-8115.0,6150.0,7549.0
7.09,14536.0,3904.0,5344.0,-15345.0,2800.0,9798.0
7.100007999999999,19306.0,2499.0,1.0,-7950.0,2902.0,10651.0
7.110007999999999,13857.0,2559.0,8914.0,92.0,5755.0,11657.0
7.120004,11270.0,1442.0,4359.0,1943.0,5605.0,15457.0
7.129999999999999,12006.0,3375.0,5403.0,-2046.0,6381.0,12785.0
7.140003999999999,12070.0,4557.0,7208.0,-2787.0,4429.0,9338.0
7.150003999999999,12715.0,2235.0,4194.0,-1843.0,5667.0,7104.0
7.1600079999999995,13531.0,2819.0,2892.0,-158.0,5427.0,5325.0
7.17,15332.0,2941.0,3798.0,542.0,2675.0,4210.0
7.1800039999999985,15566.0,3285.0,5416.0,-138.0,-180.0,5037.0
7.190004,16067.0,3264.0,6766.0,-2628.0,-2917.0,3899.0
7.200004,17945.0,2574.0,4800.0,-1772.0,-5950.0,159.0
7.210004,15648.0,3159.0,3461.0,-705.0,-6353.0,-1642.0
7.220003999999999,12874.0,2098.0,10321.0,-9757.0,-2153.0,2705.0
7.230015999999999,15975.0,2667.0,6421.0,-8810.0,-5923.0,3999.0
7.2400079999999996,16077.0,-1261.0,5496.0,-6604.0,-5824.0,3667.0
7.25,16721.0,-581.0,5794.0,-3192.0,-4938.0,2567.0
7.260003999999999,15433.0,59.0,5319.0,-2674.0,-6029.0,2083.0
7.270007999999999,19300.0,-2012.0,4886.0,-797.0,-8069.0,993.0
7.280004,15731.0,2775.0,6835.0,-1004.0,-10231.0,117.0
7.289995999999999,15155.0,1510.0,4617.0,-7557.0,-9991.0,-416.0
7.3000039999999995,17266.0,-2823.0,645.0,-8800.0,-11755.0,396.0
7.309999999999999,15852.0,-1625.0,-417.0,-9941.0,-9756.0,457.0
7.320008,15110.0,-1902.0,-3767.0,-2568.0,-8517.0,-929.0
7.330007999999999,16743.0,36.0,-2251.0,-21.0,-4866.0,-1157.0
7.34,16804.0,308.0,-953.0,125.0,-1580.0,-6.0
7.35,16467.0,9.0,301.0,85.0,264.0,53.0
7.360007999999999,16355.0,47.0,364.0,62.0,1058.0,56.0
7.370007999999999,16387.0,38.0,749.0,130.0,1705.0,79.0
7.379999999999999,16251.0,-58.0,1545.0,129.0,1475.0,37.0
7.389999999999999,16298.0,60.0,2124.0,47.0,415.0,52.0
7.400008,16292.0,5.0,1593.0,-20.0,-537.0,34.0
7.4100079999999995,16320.0,9.0,1028.0,14.0,-629.0,40.0
7.419995999999999,16316.0,5.0,1312.0,63.0,-691.0,53.0
7.4300039999999985,16355.0,86.0,1110.0,67.0,-872.0,31.0
7.440007999999999,16472.0,64.0,-1040.0,9.0,-232.0,98.0
7.450007999999999,16376.0,32.0,637.0,210.0,1080.0,8.0
7.460008,16357.0,70.0,1596.0,153.0,1562.0,60.0
7.469996,16368.0,16.0,1517.0,216.0,893.0,63.0
7.479999999999999,16344.0,-25.0,1353.0,108.0,909.0,50.0
7.490003999999999,16313.0,-8.0,1460.0,55.0,759.0,5.0
7.500003999999999,16339.0,4.0,1415.0,65.0,748.0,7.0
7.51,16337.0,70.0,1419.0,67.0,745.0,41.0
7.520004,16279.0,-20.0,1672.0,69.0,542.0,32.0
7.530011999999999,16361.0,34.0,1504.0,57.0,335.0,46.0
7.5400079999999985,16319.0,-12.0,1616.0,60.0,96.0,38.0
7.549999999999999,16306.0,12.0,1626.0,67.0,-144.0,43.0
7.559999999999999,16383.0,52.0,1533.0,58.0,-306.0,53.0
7.570003999999999,16321.0,33.0,1301.0,71.0,-329.0,57.0
7.580007999999999,16417.0,119.0,1251.0,136.0,-109.0,94.0
7.59,16343.0,54.0,1371.0,125.0,-10.0,79.0
7.6,16355.0,27.0,1491.0,182.0,-97.0,109.0
7.610007999999999,16302.0,-5.0,1809.0,291.0,-643.0,107.0
7.620007999999999,16301.0,-21.0,1789.0,206.0,-1108.0,101.0
7.630008,16312.0,-44.0,1580.0,102.0,-1440.0,90.0
7.639999999999999,16312.0,-41.0,1324.0,33.0,-1427.0,60.0
7.649999999999999,16382.0,-49.0,852.0,21.0,-1180.0,60.0
7.6600079999999995,16415.0,-20.0,582.0,60.0,-413.0,61.0
7.670007999999999,16398.0,-18.0,752.0,87.0,276.0,53.0
7.6800039999999985,16377.0,9.0,937.0,86.0,749.0,42.0
7.6899999999999995,16372.0,5.0,1007.0,90.0,1111.0,31.0
7.700011999999999,16315.0,-33.0,1509.0,117.0,1034.0,30.0
7.710008,16333.0,3.0,1645.0,91.0,649.0,28.0
7.720003999999999,16327.0,8.0,1610.0,63.0,309.0,29.0
7.729999999999999,16327.0,-7.0,1519.0,62.0,65.0,42.0
7.7400079999999996,16317.0,-47.0,1206.0,56.0,73.0,32.0
7.750007999999999,16372.0,34.0,1182.0,57.0,330.0,20.0
7.76,16363.0,34.0,1321.0,54.0,584.0,20.0
7.769995999999999,16342.0,22.0,1552.0,42.0,519.0,9.0
7.780004,16292.0,23.0,1799.0,31.0,172.0,14.0
7.7900079999999985,16345.0,-24.0,1794.0,5.0,-327.0,15.0
7.800008,16314.0,12.0,1526.0,6.0,-583.0,34.0
7.809996,16382.0,-49.0,1380.0,5.0,-664.0,33.0
7.820003999999999,16359.0,2.0,1322.0,40.0,-530.0,38.0
7.830003999999999,16285.0,-23.0,1234.0,48.0,-429.0,56.0
7.840007999999999,16337.0,-10.0,1227.0,55.0,-241.0,57.0
7.85,16324.0,17.0,1276.0,62.0,-29.0,59.0
7.859999999999999,16355.0,-6.0,1412.0,64.0,-58.0,57.0
7.870016,16352.0,0.0,1217.0,59.0,53.0,51.0
7.880008,16344.0,11.0,1259.0,56.0,224.0,40.0
7.889996,16336.0,15.0,1261.0,52.0,330.0,45.0
7.899999999999999,16345.0,-19.0,1386.0,49.0,408.0,43.0
7.9100079999999995,16331.0,37.0,1411.0,42.0,412.0,35.0
7.920007999999999,16343.0,15.0,1510.0,50.0,407.0,47.0
7.930007999999999,16318.0,-14.0,1584.0,51.0,208.0,56.0
7.940004,16353.0,-8.0,1493.0,52.0,103.0,62.0
7.949999999999999,16342.0,-1.0,1428.0,46.0,118.0,49.0
7.960004,16322.0,27.0,1389.0,54.0,216.0,42.0
7.970008,16309.0,10.0,1591.0,54.0,158.0,30.0
7.979999999999999,16323.0,29.0,1628.0,42.0,2.0,37.0
7.989999999999998,16330.0,9.0,1507.0,33.0,-132.0,40.0
8.000008,16326.0,14.0,1505.0,31.0,-117.0,51.0
8.010008,16334.0,-15.0,1419.0,38.0,-73.0,46.0
8.02,16323.0,-13.0,1341.0,44.0,135.0,40.0
8.03,16354.0,16.0,1415.0,63.0,274.0,45.0
8.040007999999998,16338.0,-8.0,1561.0,70.0,272.0,54.0
8.050008,16322.0,-11.0,1666.0,65.0,143.0,40.0
8.060004,16315.0,18.0,1716.0,58.0,-95.0,41.0
8.069999999999999,16360.0,32.0,1591.0,47.0,-359.0,47.0
8.080008,16343.0,28.0,1399.0,35.0,-308.0,56.0
8.090003999999999,16323.0,-4.0,1394.0,26.0,-161.0,43.0
8.100007999999999,16345.0,-8.0,1127.0,41.0,258.0,51.0
8.11,16312.0,2.0,1421.0,59.0,481.0,45.0
8.120004,16339.0,-7.0,1631.0,61.0,430.0,40.0
8.130008,16322.0,-25.0,1716.0,47.0,225.0,45.0
8.140008,16292.0,-22.0,1692.0,43.0,-61.0,51.0
8.150004,16328.0,-1.0,1653.0,36.0,-204.0,51.0
8.160003999999999,16294.0,17.0,1687.0,29.0,-456.0,61.0
8.170012,16358.0,-7.0,1535.0,22.0,-537.0,64.0
8.180007999999999,16351.0,-6.0,1504.0,23.0,-593.0,60.0
8.19,16363.0,-18.0,1332.0,25.0,-546.0,51.0
8.200004,16353.0,-16.0,1246.0,44.0,-356.0,41.0
8.210007999999998,16351.0,-31.0,1227.0,47.0,-97.0,45.0
8.220004,16359.0,-13.0,1226.0,53.0,198.0,42.0
8.229999999999999,16344.0,-21.0,1380.0,61.0,380.0,43.0
8.239999999999998,16301.0,-32.0,1524.0,71.0,369.0,51.0
8.250008,16302.0,10.0,1665.0,65.0,150.0,55.0
8.260008,16314.0,12.0,1665.0,43.0,-142.0,59.0
8.270007999999999,16367.0,-4.0,1442.0,37.0,-223.0,49.0
8.28,16348.0,18.0,1302.0,37.0,-123.0,33.0
8.29,16328.0,13.0,1315.0,38.0,40.0,24.0
8.300008,16362.0,6.0,1267.0,43.0,230.0,16.0
8.310008,16353.0,-4.0,1394.0,50.0,418.0,29.0
8.319999999999999,16347.0,-3.0,1501.0,57.0,487.0,33.0
8.329996,16323.0,-15.0,1532.0,60.0,426.0,31.0
8.340015999999999,16315.0,-10.0,1733.0,57.0,284.0,25.0
8.35,16317.0,1.0,1907.0,45.0,-109.0,35.0
8.360004,16323.0,18.0,1664.0,31.0,-444.0,37.0
8.37,16342.0,-37.0,1397.0,23.0,-418.0,30.0
8.380008,16372.0,-7.0,1290.0,25.0,-139.0,39.0
8.390004,16364.0,-18.0,1254.0,38.0,269.0,31.0
8.399999999999999,16347.0,2.0,1342.0,55.0,572.0,33.0
8.41,16329.0,-24.0,1510.0,55.0,693.0,28.0
8.420003999999999,16331.0,-45.0,1660.0,54.0,635.0,27.0
8.430007999999999,16264.0,47.0,1680.0,65.0,628.0,35.0
8.440007999999999,16322.0,29.0,1711.0,62.0,527.0,28.0
8.45,16298.0,34.0,1764.0,56.0,406.0,36.0
8.459995999999999,16332.0,47.0,1698.0,51.0,357.0,37.0
8.470008,16333.0,36.0,1693.0,50.0,315.0,40.0
8.480004,16277.0,30.0,1756.0,47.0,297.0,43.0
8.489999999999998,16298.0,36.0,1830.0,42.0,213.0,41.0
8.5,16315.0,4.0,1832.0,46.0,133.0,44.0
8.510012,16311.0,10.0,2034.0,45.0,-125.0,42.0
8.520007999999999,16324.0,2.0,1904.0,35.0,-399.0,49.0
8.53,16304.0,14.0,1829.0,33.0,-582.0,54.0
8.540004,16326.0,25.0,1711.0,27.0,-650.0,63.0
8.550008,16329.0,3.0,1638.0,37.0,-609.0,58.0
8.560008,16329.0,-7.0,1534.0,45.0,-509.0,62.0
8.570008,16287.0,8.0,1593.0,33.0,-417.0,59.0
8.58,16310.0,1.0,1511.0,39.0,-350.0,57.0
8.590003999999999,16358.0,-12.0,1601.0,43.0,-316.0,44.0
8.600007999999999,16336.0,1.0,1700.0,37.0,-383.0,43.0
8.610007999999999,16296.0,-1.0,1513.0,34.0,-488.0,45.0
8.620004,16321.0,-5.0,1460.0,29.0,-438.0,41.0
8.630004,16349.0,4.0,1405.0,46.0,-314.0,41.0
8.640008,16350.0,21.0,1481.0,41.0,-268.0,39.0
8.650008,16344.0,38.0,1512.0,39.0,-304.0,47.0
8.660003999999999,16311.0,29.0,1364.0,32.0,-342.0,48.0
8.669996,16365.0,22.0,1363.0,46.0,-217.0,50.0
8.680007999999999,16328.0,47.0,1425.0,49.0,-229.0,47.0
8.690007999999999,16364.0,-1.0,1431.0,51.0,-219.0,45.0
8.700004,16337.0,-5.0,1504.0,42.0,-277.0,47.0
8.709999999999999,16352.0,-9.0,1371.0,46.0,-319.0,41.0
8.720004,16353.0,-7.0,1270.0,43.0,-153.0,45.0
8.730004,16345.0,-32.0,1211.0,48.0,58.0,42.0
8.740008,16321.0,-27.0,1401.0,63.0,279.0,36.0
8.75,16331.0,-22.0,1541.0,57.0,133.0,42.0
8.76,16289.0,-9.0,1538.0,47.0,0.0,39.0
8.770007999999999,16330.0,-5.0,1525.0,38.0,-183.0,41.0
8.780007999999999,16326.0,-11.0,1502.0,33.0,-377.0,43.0
8.79,16357.0,28.0,1363.0,39.0,-404.0,56.0
8.799999999999999,16371.0,-2.0,1289.0,38.0,-317.0,52.0
8.810011999999999,16356.0,24.0,1333.0,34.0,-285.0,55.0
8.820003999999999,16330.0,-17.0,1354.0,38.0,-246.0,52.0
8.83,16326.0,-15.0,1401.0,41.0,-283.0,53.0
8.840003999999999,16330.0,-11.0,1475.0,37.0,-450.0,57.0
8.850003999999998,16337.0,-7.0,1355.0,43.0,-577.0,57.0
8.860007999999999,16334.0,-11.0,1210.0,46.0,-606.0,56.0
8.87,16353.0,37.0,1131.0,31.0,-547.0,54.0
8.879999999999999,16344.0,11.0,1075.0,43.0,-404.0,50.0
8.890008,16342.0,-12.0,1179.0,44.0,-326.0,48.0
8.900008,16341.0,-13.0,1234.0,37.0,-377.0,46.0
8.910003999999999,16354.0,12.0,1180.0,37.0,-390.0,47.0
8.92,16320.0,-9.0,1204.0,40.0,-465.0,56.0
8.93,16311.0,26.0,1248.0,42.0,-611.0,61.0
8.940004,16371.0,11.0,1219.0,36.0,-907.0,65.0
8.950007999999999,16364.0,4.0,1078.0,35.0,-1052.0,61.0
8.960004,16358.0,-21.0,919.0,28.0,-1020.0,62.0
8.969999999999999,16383.0,-11.0,669.0,36.0,-791.0,59.0
8.980015999999999,16364.0,22.0,762.0,36.0,-526.0,58.0
8.990008,16349.0,-26.0,786.0,46.0,-354.0,48.0
9.0,16357.0,-5.0,900.0,42.0,-355.0,46.0
9.01,16368.0,-23.0,851.0,48.0,-424.0,37.0
9.020007999999999,16381.0,3.0,738.0,43.0,-348.0,27.0
9.030007999999999,16377.0,-10.0,785.0,46.0,-308.0,37.0
9.040004,16409.0,-12.0,772.0,37.0,-285.0,34.0
9.049995999999998,16330.0,17.0,817.0,46.0,-302.0,43.0
9.060004,16362.0,16.0,849.0,40.0,-377.0,47.0
9.070008,16369.0,21.0,927.0,45.0,-609.0,61.0
9.080008,16363.0,-5.0,811.0,42.0,-759.0,60.0
9.09,16333.0,0.0,827.0,50.0,-1001.0,63.0
9.100003999999998,16378.0,2.0,543.0,27.0,-973.0,45.0
9.110004,16388.0,22.0,494.0,25.0,-846.0,45.0
9.120007999999999,16367.0,2.0,440.0,21.0,-685.0,51.0
9.129995999999998,16357.0,-3.0,336.0,38.0,-516.0,52.0
9.140004,16347.0,2.0,461.0,43.0,-401.0,54.0
9.150011999999998,16360.0,22.0,383.0,45.0,-357.0,54.0
9.160003999999999,16347.0,-31.0,355.0,44.0,-253.0,43.0
9.17,16364.0,2.0,401.0,42.0,-194.0,34.0
9.18,16392.0,-4.0,585.0,51.0,-325.0,41.0
9.190007999999999,16363.0,9.0,635.0,41.0,-607.0,51.0
9.200007999999999,16318.0,2.0,539.0,42.0,-822.0,57.0
9.210007999999998,16389.0,-4.0,252.0,36.0,-857.0,62.0
9.219999999999999,16382.0,-20.0,107.0,16.0,-815.0,58.0
9.229999999999999,16396.0,-4.0,44.0,35.0,-521.0,56.0
9.240008,16372.0,5.0,61.0,29.0,-296.0,48.0
9.250008,16356.0,-9.0,144.0,38.0,-129.0,40.0
9.260003999999999,16364.0,-5.0,217.0,44.0,-114.0,39.0
9.27,16364.0,-1.0,301.0,37.0,-188.0,45.0
9.280007999999999,16398.0,8.0,206.0,33.0,-266.0,52.0
9.290007999999998,16365.0,51.0,135.0,38.0,-214.0,58.0
9.299999999999999,16377.0,2.0,105.0,30.0,-140.0,47.0
9.309999999999999,16407.0,12.0,52.0,33.0,2.0,50.0
9.320008,16393.0,-22.0,113.0,44.0,115.0,38.0
9.330008,16357.0,1.0,303.0,46.0,41.0,34.0
9.34,16343.0,-5.0,241.0,42.0,-35.0,37.0
9.35,16371.0,-3.0,170.0,51.0,4.0,39.0
9.360007999999999,16346.0,-13.0,218.0,56.0,36.0,52.0
9.370007999999999,16381.0,7.0,214.0,55.0,23.0,47.0
9.380008,16382.0,-28.0,230.0,46.0,-66.0,49.0
9.389999999999999,16346.0,-10.0,164.0,44.0,-46.0,48.0
9.399999999999999,16379.0,24.0,110.0,36.0,34.0,37.0
9.410008,16364.0,-20.0,74.0,47.0,172.0,32.0
9.420008,16335.0,4.0,149.0,38.0,250.0,27.0
9.43,16387.0,-2.0,244.0,42.0,225.0,40.0
9.44,16344.0,21.0,306.0,48.0,157.0,39.0
9.450007999999999,16350.0,-9.0,292.0,48.0,44.0,49.0
9.460007999999998,16396.0,5.0,221.0,44.0,43.0,56.0
9.469999999999999,16353.0,5.0,270.0,42.0,15.0,49.0
9.480004,16362.0,22.0,265.0,39.0,-33.0,52.0
9.490008,16390.0,-14.0,303.0,40.0,-86.0,48.0
9.500008,16370.0,-25.0,363.0,33.0,-242.0,45.0
9.51,16373.0,-41.0,304.0,28.0,-348.0,49.0
9.52,16377.0,7.0,81.0,32.0,-249.0,56.0
9.530007999999999,16365.0,-2.0,110.0,34.0,-79.0,52.0
9.540004,16344.0,-38.0,325.0,30.0,-85.0,41.0
9.550008,16359.0,14.0,244.0,17.0,-246.0,30.0
9.560004,16349.0,0.0,157.0,12.0,-305.0,21.0
9.569996,16353.0,-35.0,76.0,9.0,-252.0,28.0
9.580008,16411.0,-18.0,153.0,21.0,-199.0,35.0
9.590008,16370.0,-1.0,118.0,15.0,-210.0,40.0
9.6,16355.0,16.0,155.0,3.0,-228.0,46.0
9.61,16362.0,31.0,147.0,6.0,-268.0,65.0
9.620012,16443.0,6.0,-132.0,-14.0,-122.0,83.0
9.630004,16386.0,31.0,-71.0,-46.0,282.0,118.0
9.639999999999999,16461.0,90.0,128.0,-188.0,455.0,225.0
9.649999999999999,16394.0,-60.0,-413.0,-638.0,1018.0,400.0
9.660008,17427.0,1099.0,-481.0,-2963.0,2845.0,1627.0
9.670008,16085.0,-406.0,934.0,-2744.0,2393.0,1751.0
9.68,16494.0,-11.0,403.0,-3781.0,2616.0,1744.0
9.69,17153.0,491.0,199.0,-3557.0,3307.0,2515.0
9.7,17599.0,-700.0,9886.0,-8780.0,9250.0,689.0
9.710007999999998,18525.0,1528.0,6833.0,-7441.0,11744.0,1246.0
9.720008,21539.0,-1494.0,-1369.0,-8664.0,10141.0,-578.0
9.729999999999999,20807.0,968.0,595.0,-3693.0,9620.0,-607.0
9.740003999999999,21782.0,-966.0,2918.0,-2662.0,9652.0,1851.0
9.750003999999999,17410.0,-58.0,3039.0,-5674.0,12517.0,-996.0
9.760008,18162.0,-419.0,1272.0,-2114.0,16582.0,-629.0
9.769995999999999,18291.0,746.0,3776.0,-1608.0,17954.0,541.0
9.780004,17986.0,-1321.0,5928.0,-2182.0,18038.0,-191.0
9.790016,16876.0,-1330.0,5823.0,-442.0,16420.0,-285.0
9.800008,14349.0,-1127.0,9083.0,-1454.0,16087.0,-3286.0
9.809999999999999,11972.0,-1693.0,7592.0,2733.0,11171.0,-4019.0
9.819999999999999,10157.0,-1857.0,10555.0,4153.0,10961.0,-1528.0
9.830008,10205.0,321.0,9775.0,4174.0,11808.0,221.0
9.840008,9223.0,-258.0,9598.0,1784.0,13370.0,1942.0
9.850007999999999,5896.0,-5042.0,16923.0,-6509.0,12136.0,-1870.0
9.860004,17986.0,9780.0,-24539.0,-16964.0,21637.0,-5600.0
9.869995999999999,16644.0,-882.0,9599.0,-5378.0,17350.0,-2560.0
9.880007999999998,12752.0,793.0,7869.0,-4312.0,18063.0,-3586.0
9.890008,6354.0,-111.0,8517.0,-3133.0,16158.0,-3299.0
9.899999999999999,7096.0,-543.0,9923.0,-3783.0,13489.0,-4528.0
9.910003999999999,7806.0,394.0,13054.0,-4925.0,12038.0,-5407.0
9.920008,8243.0,-1338.0,14955.0,-4469.0,12303.0,-5980.0
9.930007999999999,11205.0,-880.0,19089.0,-2918.0,14436.0,-2603.0
9.940004,9035.0,-7955.0,23030.0,-1660.0,14366.0,-7461.0
9.95,7189.0,-3232.0,23594.0,-3985.0,12312.0,-9085.0
9.960004,9893.0,1084.0,19407.0,-6507.0,6346.0,-10403.0
9.970008,11413.0,6101.0,-352.0,-6756.0,17557.0,-6653.0
9.979999999999999,10147.0,3467.0,14080.0,-2989.0,6280.0,-5384.0
9.989999999999998,5709.0,-828.0,8937.0,-602.0,-1560.0,-3162.0
10.000008,4282.0,-4205.0,6394.0,-419.0,-2682.0,-8610.0
10.010008,4000.0,-4275.0,7818.0,2116.0,-2140.0,-15154.0
10.020007999999999,-8530.0,-4145.0,19953.0,-1042.0,-1437.0,-27506.0
10.029995999999999,5695.0,10712.0,18057.0,-32764.0,620.0,-30315.0
10.04,3762.0,7306.0,19391.0,-32764.0,6224.0,-17729.0
10.050008,7612.0,-4912.0,24625.0,-32764.0,24132.0,-17555.0
10.060004,4176.0,-1704.0,11445.0,-32764.0,32764.0,-25467.0
10.069999999999999,5659.0,-20164.0,2222.0,-30479.0,32664.0,922.0
10.080003999999999,9902.0,-8703.0,11179.0,-22357.0,27404.0,-4111.0
10.090012,8881.0,-12984.0,3624.0,-14412.0,10064.0,6186.0
10.100007999999999,9025.0,3543.0,16409.0,-12678.0,3967.0,3891.0
10.11,7921.0,3386.0,11970.0,-13456.0,5483.0,343.0
10.12,6760.0,-403.0,12063.0,-8915.0,1123.0,-2095.0
10.130007999999998,7471.0,-2003.0,16786.0,-2797.0,-2975.0,-4027.0
10.140008,6871.0,-4855.0,18879.0,-855.0,-265.0,-6278.0
10.149999999999999,5392.0,-8368.0,14904.0,-1582.0,4204.0,-7043.0
10.159999999999998,5218.0,-10327.0,10592.0,-1838.0,7954.0,-8394.0
10.170003999999999,2316.0,-18101.0,2911.0,-4796.0,11114.0,-8465.0
10.180007999999999,-912.0,-22237.0,100.0,-7505.0,9446.0,-6971.0
10.190007999999999,-1083.0,-24060.0,4043.0,-9796.0,10671.0,-4520.0
10.200004,-14.0,-18946.0,-1368.0,-11944.0,9292.0,-1344.0
10.209995999999999,900.0,-13945.0,3863.0,-9681.0,1794.0,5463.0
10.220008,-630.0,-19605.0,4094.0,-10204.0,9409.0,4301.0
10.230008,1626.0,-12222.0,5688.0,-6528.0,-1883.0,-2778.0
10.239999999999998,3060.0,-21093.0,9038.0,-5911.0,1836.0,-1943.0
10.25,370.0,-17905.0,6588.0,-1808.0,14618.0,8500.0
10.260015999999998,1974.0,-15244.0,8870.0,-5241.0,12569.0,6612.0
10.270007999999999,-298.0,-18420.0,11781.0,-3660.0,7919.0,4508.0
10.28,1620.0,-16943.0,8166.0,-3023.0,2886.0,2152.0
10.29,2446.0,-15705.0,11917.0,-4289.0,-32.0,107.0
10.300008,1412.0,-14284.0,3994.0,-5501.0,2262.0,-764.0
10.310004,959.0,-15517.0,-604.0,-5725.0,-1375.0,829.0
10.319999999999999,1929.0,-16577.0,3955.0,-6864.0,210.0,-121.0
10.33,-83.0,-15269.0,8982.0,-10457.0,6522.0,-2694.0
10.340003999999999,-1159.0,-18770.0,2414.0,-14718.0,3266.0,-1974.0
10.350007999999999,848.0,-14919.0,5448.0,-12030.0,-2410.0,-1085.0
10.360007999999999,2177.0,-13605.0,5664.0,-2462.0,-4814.0,587.0
10.37,1767.0,-13948.0,4348.0,-2828.0,-5628.0,3878.0
10.379999999999999,-3365.0,-20483.0,2620.0,-4273.0,-5614.0,4094.0
10.390008,-87.0,-16501.0,914.0,-3830.0,-3573.0,1052.0
10.400008,-112.0,-16305.0,1862.0,-2664.0,29.0,101.0
10.409999999999998,-41.0,-16106.0,3253.0,-1318.0,35.0,80.0
10.42,-20.0,-16076.0,3916.0,-1904.0,145.0,63.0
10.430015999999998,-25.0,-16126.0,3256.0,-2426.0,259.0,30.0
10.440007999999999,-42.0,-16197.0,2856.0,-2338.0,116.0,63.0
10.450004,-20.0,-16185.0,2382.0,-1854.0,15.0,75.0
10.459999999999999,-26.0,-16376.0,1546.0,-558.0,3.0,54.0
10.470008,-6.0,-16262.0,2636.0,594.0,80.0,13.0
10.480008,-334.0,-16093.0,3123.0,-1259.0,3042.0,-635.0
10.490008,98.0,-16107.0,3550.0,-1416.0,2148.0,-150.0
10.500003999999999,9.0,-16050.0,4426.0,-2164.0,-644.0,163.0
10.51,-88.0,-16144.0,3478.0,-3042.0,-3018.0,531.0
10.520007999999999,-539.0,-16503.0,2019.0,-3250.0,-2508.0,503.0
10.530007999999999,-50.0,-16224.0,1757.0,-3485.0,-1012.0,243.0
10.540004,-75.0,-16506.0,694.0,-2455.0,103.0,89.0
10.549999999999999,86.0,-16417.0,1478.0,-59.0,58.0,55.0
10.560008,52.0,-16422.0,1216.0,1556.0,20.0,13.0
10.570008,62.0,-16243.0,3004.0,1499.0,267.0,-11.0
10.579996,-40.0,-16192.0,3352.0,-44.0,455.0,-13.0
10.590003999999999,-87.0,-16175.0,2972.0,-2256.0,634.0,-20.0
10.600007999999999,-90.0,-16287.0,1936.0,-2407.0,33.0,82.0
10.610007999999999,-79.0,-16449.0,659.0,-1469.0,-35.0,60.0
10.620004,-67.0,-16488.0,684.0,281.0,-32.0,36.0
10.629999999999999,-39.0,-16379.0,1473.0,1537.0,-1.0,22.0
10.640008,23.0,-16271.0,2213.0,1421.0,34.0,18.0
10.650008,48.0,-16214.0,2919.0,378.0,292.0,10.0
10.660008,29.0,-16171.0,3664.0,-1476.0,115.0,70.0
10.67,-51.0,-16256.0,2470.0,-3780.0,-50.0,101.0
10.68,-69.0,-16334.0,1545.0,-3897.0,-91.0,109.0
10.690007999999999,-93.0,-16470.0,-151.0,-2425.0,-402.0,114.0
10.700007999999999,-92.0,-16515.0,29.0,-88.0,-288.0,72.0
10.709999999999999,-53.0,-16436.0,826.0,1175.0,-22.0,28.0
10.719999999999999,-78.0,-16412.0,739.0,1752.0,-38.0,19.0
10.730011999999999,-16.0,-16311.0,1830.0,1633.0,11.0,23.0
10.740008,18.0,-16280.0,2305.0,1041.0,20.0,36.0
10.749996,18.0,-16303.0,2187.0,-210.0,-4.0,42.0
10.76,-10.0,-16347.0,1578.0,-447.0,-23.0,53.0
10.770007999999999,0.0,-16360.0,1477.0,-476.0,-42.0,51.0
10.780004,-6.0,-16374.0,1307.0,-256.0,-55.0,51.0
10.79,-32.0,-16372.0,1474.0,-17.0,-28.0,51.0
10.799999999999999,-57.0,-16302.0,1691.0,-172.0,-2.0,59.0
10.810008,-35.0,-16346.0,1532.0,-321.0,12.0,67.0
10.820003999999999,-8.0,-16352.0,1762.0,-497.0,13.0,68.0
10.830008,-38.0,-16344.0,1895.0,-1236.0,0.0,74.0
10.839996,-28.0,-16327.0,1608.0,-1806.0,1.0,76.0
10.849995999999999,-22.0,-16341.0,1226.0,-1967.0,-20.0,78.0
10.860007999999999,-23.0,-16424.0,899.0,-1737.0,-29.0,73.0
10.870007999999999,-32.0,-16403.0,885.0,-1294.0,-26.0,64.0
10.879999999999999,-16.0,-16415.0,586.0,-778.0,-29.0,53.0
10.889999999999999,-34.0,-16408.0,736.0,-155.0,-11.0,55.0
10.900011999999998,-44.0,-16413.0,999.0,93.0,-4.0,49.0
10.910008,-27.0,-16373.0,1235.0,-92.0,1.0,55.0
10.920003999999999,-37.0,-16342.0,1274.0,-332.0,-11.0,57.0
10.93,-4.0,-16379.0,1034.0,-586.0,-14.0,56.0
10.940007999999999,-13.0,-16413.0,893.0,-555.0,-12.0,59.0
10.950004,16.0,-16374.0,953.0,-510.0,-14.0,60.0
10.959999999999999,-22.0,-16431.0,852.0,-666.0,-26.0,52.0
10.970004,-5.0,-16435.0,583.0,-405.0,-38.0,51.0
10.979999999999999,-41.0,-16427.0,831.0,-104.0,-17.0,44.0
10.990008,-67.0,-16366.0,1130.0,-476.0,-7.0,52.0
11.000008,-42.0,-16390.0,1324.0,-1122.0,2.0,68.0
11.01,-84.0,-16377.0,825.0,-1575.0,6.0,73.0
11.020003999999998,3.0,-16408.0,787.0,-1631.0,3.0,81.0
11.030004,-48.0,-16413.0,560.0,-1805.0,7.0,85.0
11.040007999999998,-21.0,-16454.0,86.0,-1465.0,-12.0,75.0
11.049999999999999,-21.0,-16407.0,271.0,-1138.0,-11.0,73.0
11.060004,18.0,-16379.0,258.0,-985.0,-9.0,72.0
11.070011999999998,-27.0,-16404.0,118.0,-747.0,-2.0,66.0
11.080008,-22.0,-16451.0,61.0,-414.0,-11.0,63.0
11.090003999999999,-57.0,-16449.0,0.0,-48.0,-4.0,50.0
11.100003999999998,-36.0,-16432.0,113.0,282.0,-18.0,44.0
11.110004,-8.0,-16427.0,100.0,420.0,-24.0,42.0
11.120004,-18.0,-16403.0,112.0,805.0,-23.0,30.0
11.130007999999998,-9.0,-16430.0,158.0,1041.0,-26.0,25.0
11.139999999999999,-19.0,-16389.0,588.0,1016.0,-27.0,37.0
11.149999999999999,3.0,-16390.0,718.0,635.0,-26.0,32.0
11.160008,8.0,-16398.0,605.0,295.0,-37.0,38.0
11.170008,-27.0,-16386.0,622.0,61.0,-38.0,43.0
11.180003999999998,-47.0,-16404.0,530.0,-54.0,-35.0,39.0
11.19,-22.0,-16423.0,393.0,17.0,-46.0,43.0
11.200004,-34.0,-16442.0,474.0,147.0,-38.0,43.0
11.210004,-25.0,-16416.0,499.0,165.0,-18.0,48.0
11.220004,-37.0,-16414.0,497.0,95.0,-13.0,50.0
11.230004,-27.0,-16419.0,517.0,33.0,-5.0,46.0
11.240008,-28.0,-16391.0,618.0,-87.0,3.0,55.0
11.250008,-10.0,-16410.0,485.0,-256.0,-3.0,59.0
11.260003999999999,-5.0,-16446.0,408.0,-207.0,-10.0,53.0
11.27,-35.0,-16431.0,373.0,-139.0,-16.0,50.0
11.280007999999999,-30.0,-16403.0,371.0,-6.0,-40.0,48.0
11.290007999999998,-33.0,-16421.0,409.0,49.0,-41.0,44.0
11.300007999999998,-2.0,-16370.0,541.0,-89.0,-36.0,45.0
11.309999999999999,-30.0,-16405.0,533.0,-189.0,-29.0,47.0
11.319999999999999,-37.0,-16397.0,294.0,-321.0,-20.0,51.0
11.330003999999999,-23.0,-16434.0,256.0,-101.0,-10.0,54.0
11.340008,-7.0,-16411.0,353.0,57.0,-4.0,48.0
11.349995999999999,-19.0,-16407.0,371.0,-8.0,-11.0,53.0
11.36,-6.0,-16412.0,454.0,35.0,-21.0,53.0
11.370012,2.0,-16425.0,396.0,-62.0,-23.0,50.0
11.380007999999998,-12.0,-16386.0,447.0,-135.0,-36.0,45.0
11.389999999999999,-35.0,-16413.0,332.0,-40.0,-39.0,43.0
11.399996,-62.0,-16402.0,467.0,-104.0,-34.0,48.0
11.410008,-53.0,-16402.0,347.0,-170.0,-22.0,50.0
11.420008,-36.0,-16448.0,251.0,-81.0,-14.0,49.0
11.43,-45.0,-16421.0,194.0,85.0,-10.0,46.0
11.44,-14.0,-16384.0,239.0,295.0,-10.0,49.0
11.450007999999999,-3.0,-16421.0,300.0,429.0,2.0,49.0
11.460004,-15.0,-16405.0,376.0,443.0,-4.0,45.0
11.470008,-14.0,-16460.0,381.0,463.0,-22.0,46.0
11.480004,0.0,-16409.0,505.0,454.0,-24.0,44.0
11.489999999999998,-56.0,-16434.0,491.0,366.0,-34.0,39.0
11.500008,0.0,-16401.0,648.0,249.0,-28.0,42.0
11.510003999999999,-34.0,-16429.0,479.0,40.0,-28.0,43.0
11.520003999999998,-26.0,-16409.0,420.0,87.0,-20.0,42.0
11.53,-29.0,-16397.0,314.0,229.0,-16.0,47.0
11.540016,-1.0,-16402.0,372.0,444.0,-18.0,42.0
11.550007999999998,-35.0,-16438.0,491.0,486.0,-20.0,43.0
11.559999999999999,-28.0,-16411.0,471.0,540.0,-19.0,42.0
11.569999999999999,3.0,-16418.0,595.0,618.0,-14.0,43.0
11.580008,-49.0,-16372.0,720.0,522.0,-19.0,42.0
11.590008,-27.0,-16422.0,715.0,337.0,-32.0,38.0
11.600003999999998,-51.0,-16415.0,525.0,375.0,-34.0,40.0
11.61,-34.0,-16427.0,609.0,488.0,-37.0,42.0
11.620004,-31.0,-16416.0,580.0,485.0,-23.0,43.0
11.630004,-17.0,-16370.0,701.0,521.0,-21.0,39.0
11.640008,-11.0,-16422.0,680.0,486.0,-19.0,46.0
11.649999999999999,1.0,-16433.0,692.0,594.0,-21.0,38.0
11.660003999999999,-15.0,-16402.0,717.0,617.0,-22.0,38.0
11.670003999999999,-42.0,-16408.0,774.0,611.0,-30.0,31.0
11.680003999999998,-24.0,-16432.0,832.0,637.0,-24.0,37.0
11.69,-8.0,-16392.0,936.0,514.0,-14.0,40.0
11.700004,-16.0,-16400.0,928.0,341.0,-8.0,51.0
11.710011999999999,-22.0,-16418.0,850.0,461.0,-17.0,43.0
11.720004,-16.0,-16386.0,890.0,443.0,-19.0,45.0
11.729999999999999,3.0,-16421.0,827.0,513.0,-29.0,39.0
11.739999999999998,-24.0,-16365.0,974.0,560.0,-34.0,40.0
11.750008,-8.0,-16420.0,966.0,576.0,-24.0,32.0
11.760003999999999,-23.0,-16376.0,1268.0,113.0,-22.0,41.0
11.770007999999999,-2.0,-16416.0,1045.0,-41.0,-22.0,52.0
11.780004,-57.0,-16378.0,1006.0,-91.0,-13.0,49.0
11.790004,-37.0,-16412.0,1082.0,-178.0,-17.0,50.0
11.800007999999998,-30.0,-16410.0,1136.0,-297.0,-23.0,56.0
11.810008,-24.0,-16389.0,887.0,-366.0,-24.0,56.0
11.820003999999999,-22.0,-16439.0,764.0,-161.0,-38.0,48.0
11.829999999999998,20.0,-16384.0,851.0,-54.0,-26.0,47.0
11.840008,-20.0,-16403.0,788.0,100.0,-26.0,47.0
11.850007999999999,-14.0,-16411.0,829.0,198.0,-35.0,46.0
11.859995999999999,-20.0,-16444.0,859.0,366.0,-21.0,42.0
11.870004,-25.0,-16382.0,953.0,379.0,-14.0,45.0
11.880007999999998,-16.0,-16362.0,968.0,422.0,-10.0,47.0
11.890008,-39.0,-16367.0,1009.0,402.0,-6.0,43.0
11.899999999999999,4.0,-16370.0,1054.0,366.0,-11.0,51.0
11.909999999999998,9.0,-16380.0,1070.0,259.0,-18.0,48.0
11.920008,-35.0,-16391.0,1088.0,179.0,-20.0,46.0
11.930003999999998,9.0,-16384.0,1143.0,85.0,-28.0,51.0
11.940007999999999,19.0,-16372.0,1063.0,-76.0,-21.0,49.0
11.95,-18.0,-16417.0,1009.0,-24.0,-19.0,53.0
11.960004,-8.0,-16404.0,904.0,-7.0,-18.0,50.0
11.970004,-9.0,-16362.0,985.0,187.0,-19.0,42.0
11.980008,14.0,-16433.0,1099.0,137.0,-26.0,45.0
11.989999999999998,5.0,-16380.0,1072.0,48.0,-15.0,49.0
12.000003999999999,-33.0,-16412.0,1033.0,45.0,-22.0,42.0
12.010012,-32.0,-16389.0,1018.0,19.0,-25.0,49.0
12.020003999999998,-31.0,-16407.0,1044.0,56.0,-22.0,47.0
12.03,-13.0,-16431.0,1033.0,111.0,-16.0,45.0
12.04,-27.0,-16373.0,1040.0,93.0,-15.0,50.0
12.050007999999998,-3.0,-16368.0,1021.0,42.0,-24.0,47.0
12.060008,-4.0,-16403.0,948.0,99.0,-26.0,48.0
12.069999999999999,-47.0,-16417.0,1026.0,181.0,-31.0,42.0
12.079999999999998,-33.0,-16363.0,1077.0,184.0,-20.0,40.0
12.090008,5.0,-16410.0,1049.0,233.0,-21.0,46.0
12.100003999999998,4.0,-16413.0,1007.0,389.0,-13.0,45.0
12.110007999999999,-26.0,-16401.0,1154.0,443.0,-10.0,42.0
12.12,-26.0,-16383.0,1193.0,295.0,-10.0,52.0
12.129999999999999,-6.0,-16423.0,1070.0,310.0,-15.0,50.0
12.140008,-12.0,-16383.0,1129.0,352.0,-17.0,45.0
12.150008,-4.0,-16375.0,1172.0,341.0,-21.0,41.0
12.160003999999999,-7.0,-16377.0,1245.0,320.0,-31.0,45.0
12.17,-1.0,-16410.0,1228.0,284.0,-30.0,48.0
12.180012,-5.0,-16409.0,1202.0,250.0,-20.0,43.0
12.190007999999999,-31.0,-16375.0,1234.0,252.0,-14.0,45.0
12.200004,-51.0,-16381.0,1322.0,160.0,-12.0,50.0
12.209999999999999,-19.0,-16382.0,1243.0,65.0,-10.0,56.0
12.220008,-16.0,-16373.0,1167.0,78.0,-15.0,42.0
12.230008,-34.0,-16391.0,1219.0,62.0,-24.0,48.0
12.240003999999999,35.0,-16393.0,1204.0,-28.0,-31.0,47.0
12.249999999999998,-31.0,-16402.0,1194.0,-10.0,-31.0,48.0
12.260008,-6.0,-16372.0,1281.0,30.0,-26.0,49.0
12.270007999999999,0.0,-16394.0,1226.0,-14.0,-20.0,49.0
12.280007999999999,-46.0,-16375.0,1229.0,-41.0,-17.0,57.0
12.29,-26.0,-16393.0,1151.0,-10.0,-12.0,58.0
12.299999999999999,-3.0,-16408.0,1223.0,27.0,-13.0,50.0
12.310008,-6.0,-16382.0,1161.0,58.0,-25.0,46.0
12.320008,-20.0,-16380.0,1184.0,132.0,-28.0,43.0
12.329999999999998,-20.0,-16392.0,1111.0,239.0,-31.0,41.0
12.340003999999999,-43.0,-16366.0,1238.0,307.0,-24.0,46.0
12.350012,-19.0,-16401.0,1299.0,309.0,-21.0,44.0
12.360007999999999,-1.0,-16392.0,1365.0,221.0,-12.0,48.0
12.37,-26.0,-16371.0,1319.0,111.0,-13.0,50.0
12.380004,-2.0,-16391.0,1340.0,58.0,-15.0,54.0
12.390004,-14.0,-16368.0,1327.0,5.0,-19.0,48.0
12.400008,15.0,-16382.0,1301.0,-82.0,-23.0,52.0
12.410008,-4.0,-16394.0,1174.0,-41.0,-23.0,50.0
12.420003999999999,8.0,-16377.0,1221.0,-7.0,-24.0,50.0
12.430003999999998,-38.0,-16384.0,1174.0,11.0,-22.0,49.0
12.440007999999999,-12.0,-16406.0,1252.0,21.0,-15.0,55.0
12.450007999999999,-16.0,-16343.0,1337.0,8.0,-20.0,48.0
12.459999999999999,-9.0,-16399.0,1295.0,-118.0,-12.0,53.0
12.469999999999999,-36.0,-16368.0,1325.0,-255.0,-18.0,57.0
12.480008,-15.0,-16372.0,1241.0,-260.0,-22.0,55.0
12.490003999999999,-15.0,-16397.0,1102.0,-185.0,-30.0,50.0
12.499999999999998,-15.0,-16368.0,1084.0,-90.0,-36.0,52.0
12.51,-16.0,-16374.0,1119.0,17.0,-28.0,49.0
12.520007999999999,-2.0,-16387.0,1165.0,123.0,-18.0,54.0
12.530007999999999,-16.0,-16417.0,1175.0,175.0,-10.0,52.0
12.54,-8.0,-16397.0,1219.0,182.0,-11.0,52.0
12.549999999999999,-12.0,-16389.0,1325.0,30.0,-13.0,48.0
12.560008,-9.0,-16369.0,1312.0,-249.0,-17.0,58.0
12.570008,-30.0,-16351.0,1280.0,-441.0,-25.0,53.0
12.580008,-27.0,-16416.0,1147.0,-504.0,-28.0,57.0
12.59,-49.0,-16393.0,1046.0,-397.0,-26.0,53.0
12.6,-15.0,-16384.0,1089.0,-306.0,-19.0,51.0
12.610003999999998,-31.0,-16407.0,1100.0,-268.0,-21.0,54.0
12.620007999999999,-2.0,-16409.0,1038.0,-290.0,-18.0,62.0
12.629999999999999,-2.0,-16436.0,981.0,-287.0,-11.0,59.0
12.639999999999999,-16.0,-16392.0,1014.0,-281.0,-22.0,55.0
12.650008,-2.0,-16399.0,1090.0,-275.0,-29.0,55.0
12.660008,-55.0,-16405.0,1006.0,-277.0,-32.0,53.0
12.67,-29.0,-16406.0,1033.0,-283.0,-31.0,58.0
12.679996,5.0,-16388.0,1057.0,-413.0,-20.0,63.0
12.690007999999999,6.0,-16415.0,961.0,-489.0,-9.0,57.0
12.700004,-17.0,-16383.0,926.0,-520.0,-2.0,65.0
12.709999999999999,3.0,-16369.0,956.0,-550.0,1.0,63.0
12.719999999999999,-6.0,-16382.0,742.0,-531.0,-11.0,62.0
12.730008,11.0,-16425.0,750.0,-353.0,-22.0,57.0
12.740008,-25.0,-16403.0,1012.0,-461.0,-16.0,64.0
12.750008,-28.0,-16418.0,946.0,-807.0,-15.0,62.0
12.76,-22.0,-16424.0,653.0,-916.0,-9.0,71.0
12.77,-10.0,-16403.0,741.0,-729.0,-2.0,67.0
12.780007999999999,-38.0,-16430.0,633.0,-686.0,10.0,66.0
12.790004,-43.0,-16430.0,711.0,-851.0,46.0,68.0
12.799995999999998,-177.0,-16493.0,1018.0,-963.0,780.0,171.0
12.810004,461.0,-18347.0,391.0,1415.0,3640.0,559.0
12.820015999999999,-664.0,-17562.0,228.0,-506.0,1911.0,3190.0
12.830008,-264.0,-18630.0,1304.0,-730.0,2497.0,5305.0
12.840003999999999,-1329.0,-17661.0,1898.0,-1475.0,3760.0,7232.0
12.85,-3126.0,-17556.0,3336.0,-1995.0,5802.0,6293.0
12.860003999999998,-1025.0,-15465.0,243.0,-1865.0,4721.0,5388.0
12.870007999999999,-966.0,-14849.0,-406.0,-1084.0,2924.0,4058.0
12.879999999999999,-1280.0,-15427.0,38.0,60.0,2246.0,4332.0
12.889999999999999,-2040.0,-18318.0,1153.0,1168.0,4869.0,4439.0
12.900004,-1427.0,-19090.0,-915.0,768.0,3804.0,6771.0
12.910008,-2761.0,-19971.0,-937.0,272.0,1348.0,9680.0
12.920008,-3114.0,-18821.0,22.0,-233.0,170.0,10458.0
12.93,-3514.0,-16751.0,8.0,-1192.0,-616.0,11351.0
12.94,-3871.0,-18466.0,1392.0,-1421.0,-1806.0,11269.0
12.950007999999999,-5111.0,-18992.0,2639.0,-1753.0,-3324.0,10169.0
12.960004,-7221.0,-20494.0,2762.0,-2223.0,-3492.0,9246.0
12.969999999999999,-6456.0,-22027.0,1461.0,-1635.0,-2643.0,9734.0
12.980004,-4859.0,-18408.0,-761.0,-1049.0,-1847.0,14617.0
12.990011999999998,-5099.0,-13953.0,-1504.0,-1502.0,-1419.0,14459.0
13.000008,-6096.0,-16124.0,-1935.0,-1304.0,-1664.0,14159.0
13.01,-9964.0,-18978.0,-1578.0,-470.0,-1249.0,17871.0
13.020003999999998,-9598.0,-17048.0,-1395.0,-78.0,473.0,20155.0
13.030007999999999,-10428.0,-15896.0,-354.0,-99.0,3159.0,21542.0
13.040007999999998,-11117.0,-15358.0,-1221.0,772.0,5607.0,22168.0
13.050007999999998,-10759.0,-14048.0,-915.0,2263.0,6441.0,24410.0
13.060004,-12002.0,-12947.0,-850.0,2199.0,6668.0,25112.0
13.070003999999999,-12400.0,-11629.0,-829.0,1346.0,6282.0,24575.0
13.080008,-12294.0,-10106.0,-681.0,1767.0,5753.0,23529.0
13.090008,-10739.0,-7729.0,-581.0,1415.0,5767.0,22242.0
13.100003999999998,-9997.0,-6606.0,-699.0,1475.0,5857.0,21526.0
13.11,-11475.0,-5212.0,-2644.0,539.0,9025.0,21610.0
13.120007999999999,-11049.0,-5326.0,-2765.0,1162.0,9997.0,21358.0
13.130007999999998,-11380.0,-6054.0,-2414.0,878.0,8373.0,21783.0
13.139995999999998,-8692.0,-2313.0,-1954.0,996.0,5170.0,22868.0
13.150004,-11253.0,-2417.0,-2183.0,783.0,2861.0,23764.0
13.160008,-9931.0,-1590.0,-855.0,379.0,2310.0,22968.0
13.170008,-14190.0,61.0,-1156.0,-25.0,2532.0,21571.0
13.180003999999998,-13475.0,2212.0,-2047.0,76.0,2687.0,19084.0
13.19,-16225.0,2079.0,-4486.0,-267.0,92.0,17196.0
13.200007999999999,-15684.0,4057.0,-5160.0,13.0,-2294.0,14707.0
13.210007999999998,-14836.0,4834.0,-4978.0,-1340.0,-2945.0,11607.0
13.220007999999998,-13924.0,5596.0,-4854.0,-1240.0,-699.0,9492.0
13.229999999999999,-13632.0,7087.0,-4158.0,-999.0,2055.0,8563.0
13.239999999999998,-9588.0,5392.0,-3097.0,-930.0,4655.0,6008.0
13.250003999999999,-12801.0,7381.0,-2829.0,-1460.0,6625.0,3843.0
13.26,-10900.0,7124.0,-1712.0,-1728.0,5031.0,1114.0
13.27,-11303.0,7173.0,-685.0,-1679.0,2054.0,-1312.0
13.28,-11103.0,6671.0,-887.0,-1304.0,-948.0,-3737.0
13.290007999999998,-11915.0,6111.0,-2088.0,-919.0,-3404.0,-4778.0
13.300007999999998,-13844.0,6206.0,-2777.0,-776.0,-3745.0,-5379.0
13.309999999999999,-14942.0,6339.0,-4262.0,-618.0,-1890.0,-5965.0
13.319999999999999,-15343.0,6066.0,-5317.0,171.0,142.0,-6202.0
13.330008,-15377.0,5648.0,-6144.0,600.0,2197.0,-6152.0
13.340003999999999,-15806.0,5123.0,-6552.0,835.0,2732.0,-5862.0
13.35,-14980.0,3787.0,-6263.0,1155.0,3097.0,-5248.0
13.36,-13684.0,3156.0,-5516.0,1117.0,3045.0,-3354.0
13.370007999999999,-13348.0,3122.0,-3965.0,1014.0,2507.0,-1519.0
13.380004,-13401.0,3085.0,-3999.0,370.0,155.0,-111.0
13.390008,-14565.0,3138.0,-3733.0,213.0,-681.0,473.0
13.399999999999999,-15671.0,3650.0,-3506.0,106.0,-791.0,182.0
13.409999999999998,-16221.0,4002.0,-4372.0,-54.0,-877.0,-468.0
13.420008,-16651.0,3781.0,-5384.0,-235.0,-1200.0,-1113.0
13.430007999999999,-16563.0,3174.0,-4606.0,-415.0,-1863.0,-1469.0
13.44,-16220.0,2715.0,-4384.0,-354.0,-2338.0,-1806.0
13.450004,-16195.0,2485.0,-3028.0,-321.0,-3123.0,-2175.0
13.460016,-15828.0,2227.0,-2869.0,-63.0,-3398.0,-2478.0
13.470007999999998,-15594.0,2410.0,-2754.0,25.0,-3277.0,-2770.0
13.479999999999999,-15624.0,2611.0,-2867.0,-200.0,-2698.0,-2803.0
13.489999999999998,-15465.0,2713.0,-3329.0,496.0,-1787.0,-2716.0
13.500008,-15876.0,2335.0,-3611.0,609.0,-819.0,-2382.0
13.510003999999999,-16298.0,2052.0,-4024.0,571.0,-538.0,-1545.0
13.52,-16541.0,1892.0,-3898.0,322.0,-196.0,-880.0
13.530004,-16517.0,1682.0,-3732.0,103.0,76.0,-684.0
13.54,-16556.0,1253.0,-4218.0,-244.0,-1335.0,-404.0
13.550004,-16463.0,1130.0,-3379.0,-673.0,-2256.0,-167.0
13.560008,-15540.0,1482.0,-2601.0,-266.0,-2006.0,53.0
13.569999999999999,-15539.0,1791.0,-1930.0,-199.0,-1217.0,-28.0
13.579999999999998,-15552.0,1773.0,-2191.0,-39.0,-673.0,3.0
13.590008,-15944.0,1766.0,-2272.0,-38.0,-570.0,-25.0
13.600007999999999,-15662.0,1716.0,-2392.0,1.0,-135.0,-412.0
13.61,-16676.0,1945.0,-3100.0,59.0,544.0,-538.0
13.620004,-16818.0,1871.0,-3273.0,-274.0,1009.0,-816.0
13.630011999999999,-16177.0,1607.0,-3289.0,-263.0,1068.0,-883.0
13.640004,-15941.0,1338.0,-3120.0,-162.0,1334.0,-670.0
13.650004,-16135.0,1392.0,-2787.0,-234.0,1297.0,-264.0
13.660003999999999,-16494.0,1322.0,-3218.0,-239.0,1221.0,227.0
13.670003999999999,-16810.0,1596.0,-3835.0,-367.0,692.0,701.0
13.680007999999999,-15692.0,1652.0,-3660.0,-234.0,28.0,1142.0
13.690007999999999,-13617.0,30.0,-6014.0,-747.0,-1309.0,1130.0
13.700004,-16660.0,2432.0,-2768.0,-300.0,-982.0,1135.0
13.709999999999999,-15538.0,2098.0,-2275.0,-463.0,-813.0,745.0
13.720007999999998,-15604.0,2306.0,-2412.0,-361.0,-407.0,335.0
13.730008,-15867.0,2139.0,-2730.0,-367.0,-396.0,-86.0
13.740003999999999,-15924.0,2044.0,-3069.0,-185.0,-193.0,-178.0
13.749999999999998,-15473.0,2059.0,-2983.0,-3.0,-39.0,-118.0
13.760008,-15824.0,2188.0,-3174.0,153.0,21.0,99.0
13.770003999999998,-15564.0,2222.0,-2988.0,196.0,357.0,354.0
13.78,-16165.0,2467.0,-2821.0,123.0,604.0,389.0
13.79,-16115.0,2334.0,-2709.0,12.0,798.0,104.0
13.800007999999998,-16093.0,2057.0,-3307.0,-78.0,577.0,-128.0
13.810008,-16349.0,1904.0,-3420.0,-109.0,97.0,-252.0
13.820003999999999,-16003.0,1828.0,-3050.0,-121.0,-11.0,-177.0
13.829999999999998,-15591.0,1832.0,-3333.0,-80.0,-71.0,108.0
13.840008,-15373.0,2045.0,-3202.0,1.0,-272.0,333.0
13.850007999999999,-15344.0,2349.0,-2930.0,-4.0,-356.0,298.0
13.860007999999999,-15692.0,2493.0,-2941.0,62.0,-35.0,190.0
13.87,-15874.0,2363.0,-2961.0,-4.0,79.0,70.0
13.880004,-16379.0,2297.0,-2689.0,-71.0,185.0,-125.0
13.890004,-16293.0,2115.0,-2821.0,-69.0,330.0,-295.0
13.900008,-16186.0,1755.0,-2788.0,-66.0,248.0,-323.0
13.909999999999998,-15746.0,1694.0,-2826.0,-12.0,75.0,-112.0
13.919999999999998,-15603.0,1814.0,-3000.0,69.0,-13.0,94.0
13.930007999999999,-15822.0,1814.0,-3305.0,125.0,-187.0,424.0
13.940003999999998,-16275.0,2037.0,-3200.0,116.0,-72.0,547.0
13.95,-16301.0,2048.0,-3457.0,121.0,-83.0,481.0
13.959995999999999,-16140.0,2194.0,-3768.0,81.0,-304.0,320.0
13.970007999999998,-15988.0,2211.0,-3425.0,-25.0,-341.0,193.0
13.980004,-15355.0,2003.0,-2707.0,-31.0,-214.0,193.0
13.989999999999998,-15594.0,2033.0,-2242.0,-116.0,-32.0,160.0
13.999999999999998,-15787.0,1939.0,-2197.0,-65.0,303.0,-87.0
14.010008,-15819.0,1973.0,-2687.0,31.0,36.0,-251.0
14.020003999999998,-15629.0,2049.0,-3243.0,24.0,-559.0,-185.0
14.030007999999999,-15897.0,2173.0,-3079.0,2.0,-743.0,-90.0
14.040004,-16219.0,2242.0,-3479.0,-16.0,-652.0,-47.0
14.049999999999999,-16118.0,2164.0,-3522.0,-31.0,-524.0,46.0
14.060004,-16045.0,2074.0,-3063.0,18.0,-320.0,163.0
14.070008,-16010.0,1985.0,-2968.0,3.0,-105.0,218.0
14.079999999999998,-16060.0,2047.0,-2644.0,26.0,468.0,168.0
14.09,-15927.0,2086.0,-2615.0,-3.0,544.0,32.0
14.100012,-15601.0,2144.0,-2310.0,19.0,258.0,-101.0
14.110007999999999,-15684.0,2144.0,-2587.0,105.0,-135.0,-209.0
14.120004,-15777.0,2097.0,-3245.0,148.0,-441.0,-80.0
14.129999999999999,-15992.0,2072.0,-3119.0,196.0,-556.0,165.0
14.140008,-16033.0,2059.0,-3117.0,129.0,-439.0,298.0
14.150008,-16051.0,2004.0,-2983.0,73.0,-407.0,336.0
14.159999999999998,-16189.0,2028.0,-2684.0,8.0,-181.0,173.0
14.169999999999998,-15868.0,1991.0,-2732.0,-31.0,-75.0,34.0
14.180003999999998,-15709.0,1934.0,-2838.0,-55.0,-118.0,63.0
14.190007999999999,-15552.0,2032.0,-2907.0,-34.0,-275.0,75.0
14.200007999999999,-15730.0,1981.0,-2808.0,-18.0,-346.0,67.0
14.209999999999999,-16004.0,2030.0,-2777.0,-49.0,-291.0,27.0
14.219999999999999,-16122.0,1878.0,-2694.0,-63.0,-91.0,-38.0
14.230008,-16087.0,1809.0,-2586.0,-42.0,246.0,99.0
14.240003999999999,-16094.0,1962.0,-2539.0,-88.0,705.0,183.0
14.249999999999998,-16402.0,1988.0,-2860.0,-252.0,778.0,153.0
14.260003999999999,-16330.0,2039.0,-3265.0,46.0,469.0,-4.0
14.270012,-16135.0,2055.0,-3481.0,-151.0,-24.0,111.0
14.280007999999999,-15648.0,2097.0,-3254.0,-156.0,-700.0,156.0
14.29,-15573.0,2193.0,-2819.0,-64.0,-1326.0,284.0
14.300004,-15390.0,2383.0,-2533.0,59.0,-1318.0,397.0
14.310008,-15496.0,2455.0,-2269.0,88.0,-613.0,488.0
14.320003999999999,-15787.0,2567.0,-2203.0,97.0,381.0,536.0
14.330008,-15973.0,2585.0,-2461.0,-8.0,973.0,369.0
14.339996,-16002.0,2398.0,-2846.0,-5.0,850.0,209.0
14.350003999999998,-16210.0,2302.0,-2941.0,22.0,390.0,137.0
14.360007999999999,-16154.0,2293.0,-2617.0,42.0,-41.0,-51.0
14.370007999999999,-15877.0,2320.0,-2582.0,72.0,-168.0,-226.0
14.379999999999999,-15760.0,2318.0,-2687.0,137.0,204.0,-321.0
14.389995999999998,-15648.0,2341.0,-2840.0,159.0,859.0,-306.0
14.400008,-15548.0,2296.0,-3017.0,161.0,965.0,-213.0
14.410008,-15540.0,2238.0,-3443.0,185.0,590.0,-71.0
14.419996,-15750.0,2227.0,-3520.0,277.0,163.0,71.0
14.430003999999998,-15802.0,2192.0,-3094.0,234.0,190.0,45.0
14.440003999999998,-16504.0,1965.0,-3221.0,45.0,595.0,154.0
14.450004,-15829.0,2041.0,-2969.0,46.0,847.0,-164.0
14.459999999999999,-15648.0,2096.0,-2991.0,137.0,617.0,-350.0
14.469999999999999,-15660.0,1939.0,-3137.0,207.0,-561.0,-452.0
14.480008,-16026.0,1919.0,-3357.0,280.0,-1331.0,-374.0
14.490003999999999,-15954.0,1943.0,-3446.0,375.0,-1707.0,-109.0
14.500008,-15841.0,2043.0,-2923.0,359.0,-1482.0,119.0
14.51,-15694.0,2118.0,-2783.0,306.0,-890.0,179.0
14.520003999999998,-15874.0,2044.0,-2757.0,248.0,-552.0,163.0
14.530004,-16135.0,2067.0,-2437.0,103.0,-89.0,-52.0
14.540003999999998,-15993.0,1806.0,-2442.0,23.0,193.0,-211.0
14.549999999999999,-16161.0,1849.0,-2414.0,29.0,-100.0,-247.0
14.56,-15974.0,1996.0,-2508.0,88.0,-380.0,-312.0
14.570008,-16013.0,1854.0,-3123.0,176.0,-989.0,-148.0
14.580007999999998,-15809.0,1961.0,-3355.0,225.0,-1555.0,148.0
14.589999999999998,-15796.0,2056.0,-3052.0,182.0,-1798.0,356.0
14.6,-15614.0,2110.0,-2427.0,132.0,-1504.0,356.0
14.610007999999999,-15540.0,2100.0,-2294.0,108.0,-956.0,204.0
14.620008,-16172.0,2117.0,-2164.0,61.0,-672.0,-117.0
14.629999999999997,-16409.0,2072.0,-2479.0,15.0,-905.0,-521.0
14.639999999999999,-16291.0,2090.0,-2531.0,-7.0,-1374.0,-828.0
14.650007999999998,-16219.0,2046.0,-2409.0,19.0,-1954.0,-999.0
14.660008,-16044.0,1897.0,-2148.0,-7.0,-1919.0,-908.0
14.670007999999997,-15691.0,1770.0,-1992.0,23.0,-1443.0,-536.0
14.679999999999998,-15749.0,1819.0,-1534.0,-12.0,-740.0,-78.0
14.69,-15670.0,1917.0,-2059.0,-3.0,43.0,192.0
14.700007999999999,-15932.0,1969.0,-2371.0,-39.0,-237.0,338.0
14.710008,-16241.0,1869.0,-2730.0,-34.0,-1065.0,416.0
14.72,-16531.0,2011.0,-2590.0,-82.0,-1724.0,272.0
14.729999999999999,-16513.0,2029.0,-2013.0,-92.0,-1875.0,-68.0
14.740011999999998,-16023.0,2009.0,-1611.0,-58.0,-1711.0,-444.0
14.750008,-15754.0,1914.0,-1333.0,-52.0,-1422.0,-703.0
14.76,-15727.0,1731.0,-1186.0,-2.0,-788.0,-800.0
14.769999999999998,-15491.0,1792.0,-1362.0,2.0,-127.0,-717.0
14.780008,-15892.0,1781.0,-1457.0,-29.0,142.0,-649.0
14.790007999999998,-16159.0,1796.0,-1378.0,-113.0,116.0,-761.0
14.799999999999999,-16465.0,1709.0,-1746.0,-117.0,-62.0,-904.0
14.81,-16616.0,1595.0,-1750.0,-130.0,-92.0,-1073.0
14.820003999999999,-16458.0,1431.0,-1765.0,-48.0,13.0,-1140.0
14.830007999999998,-16395.0,1288.0,-1816.0,32.0,-218.0,-1075.0
14.840008,-16454.0,1160.0,-1764.0,272.0,-641.0,-807.0
14.85,-15988.0,1265.0,-1457.0,118.0,-933.0,-705.0
14.859999999999998,-15949.0,1522.0,-1370.0,70.0,-886.0,-740.0
14.870008,-16242.0,1690.0,-1678.0,-32.0,-1004.0,-956.0
14.880007999999998,-16564.0,1647.0,-2003.0,-41.0,-1286.0,-1344.0
14.889999999999999,-16563.0,1484.0,-1475.0,-171.0,-1602.0,-1600.0
14.900003999999997,-16473.0,1288.0,-1246.0,-186.0,-1422.0,-1916.0
14.910012,-16589.0,969.0,-1129.0,-217.0,-1158.0,-2266.0
14.920007999999997,-16525.0,957.0,-1043.0,-303.0,-722.0,-2638.0
14.929999999999998,-16282.0,1022.0,-1365.0,-396.0,-621.0,-2938.0
14.940004,-16294.0,821.0,-1359.0,-378.0,-871.0,-3268.0
14.950007999999999,-16649.0,521.0,-1180.0,-302.0,-1178.0,-3499.0
14.960008,-16325.0,272.0,-1081.0,329.0,-1541.0,-3362.0
14.970007999999998,-15779.0,-563.0,-1061.0,-462.0,-1902.0,-2757.0
14.980004,-15697.0,-280.0,-337.0,20.0,-1715.0,-2047.0
14.99,-15296.0,-435.0,-496.0,-121.0,-1111.0,-1434.0
15.000008,-15581.0,-436.0,-410.0,15.0,-705.0,-499.0
15.010007999999997,-16151.0,-281.0,-419.0,120.0,-337.0,-36.0
15.019999999999998,-16533.0,-234.0,-692.0,91.0,-296.0,216.0
15.029995999999999,-16765.0,-99.0,-693.0,88.0,-234.0,172.0
15.040007999999998,-16990.0,82.0,-666.0,37.0,123.0,-327.0
15.050004,-16595.0,-255.0,-989.0,10.0,200.0,-577.0
15.060003999999998,-15968.0,-421.0,-775.0,49.0,-160.0,-424.0
15.070003999999999,-15783.0,-429.0,-555.0,-3.0,-526.0,-128.0
15.080007999999998,-16006.0,-432.0,-610.0,11.0,-806.0,235.0
15.090008,-16187.0,-403.0,-638.0,10.0,-1060.0,422.0
15.100004,-16050.0,-228.0,-613.0,122.0,-1034.0,477.0
15.109999999999998,-16142.0,-6.0,-383.0,177.0,-628.0,404.0
15.120008,-16441.0,59.0,-273.0,153.0,-120.0,147.0
15.130007999999998,-17084.0,7.0,-741.0,146.0,-118.0,-178.0
15.140004,-17281.0,-127.0,-852.0,-69.0,-580.0,-464.0
15.150003999999997,-17020.0,-415.0,-533.0,-192.0,-925.0,-518.0
15.159999999999998,-16078.0,-423.0,-207.0,-153.0,-832.0,-174.0
15.170004,-15517.0,-356.0,9.0,-47.0,-337.0,386.0
15.180003999999998,-15192.0,-155.0,61.0,50.0,-15.0,909.0
15.19,-15658.0,-105.0,70.0,155.0,126.0,1252.0
15.200003999999998,-16127.0,-1.0,-38.0,204.0,-73.0,1241.0
15.210011999999997,-16344.0,123.0,-380.0,253.0,-177.0,967.0
15.22,-16685.0,104.0,-684.0,209.0,-141.0,662.0
15.230004,-16788.0,163.0,-704.0,176.0,182.0,186.0
15.240003999999997,-16614.0,124.0,-772.0,104.0,361.0,-56.0
15.250008,-16350.0,53.0,-485.0,83.0,650.0,-184.0
15.260007999999997,-16099.0,-54.0,-332.0,84.0,779.0,-177.0
15.269999999999998,-16028.0,-78.0,-509.0,84.0,724.0,-95.0
15.28,-16500.0,-23.0,-1001.0,22.0,531.0,164.0
15.290007999999998,-16444.0,-270.0,-1114.0,96.0,58.0,207.0
15.300008,-16472.0,-337.0,-682.0,92.0,-2.0,234.0
15.310007999999998,-16552.0,-393.0,-371.0,7.0,-41.0,199.0
15.320003999999999,-16402.0,-469.0,-47.0,-12.0,26.0,204.0
15.329996,-16258.0,-519.0,-79.0,10.0,-112.0,381.0
15.340008,-15950.0,-393.0,-145.0,72.0,32.0,591.0
15.350007999999997,-16149.0,-381.0,-311.0,125.0,132.0,750.0
15.359999999999998,-16251.0,-190.0,-798.0,113.0,161.0,809.0
15.370004,-15660.0,-111.0,-616.0,166.0,229.0,488.0
15.380016,-16294.0,60.0,-780.0,51.0,221.0,302.0
15.390008,-16339.0,261.0,-477.0,72.0,104.0,-39.0
15.4,-16144.0,320.0,-385.0,17.0,243.0,-197.0
15.409999999999998,-16088.0,268.0,-539.0,25.0,445.0,-25.0
15.420007999999997,-16230.0,338.0,-591.0,76.0,491.0,242.0
15.430007999999999,-16221.0,475.0,-725.0,73.0,498.0,416.0
15.440004,-16456.0,458.0,-874.0,77.0,362.0,491.0
15.449999999999998,-16583.0,462.0,-983.0,48.0,-16.0,462.0
15.460004,-16461.0,524.0,-741.0,36.0,-163.0,285.0
15.470003999999998,-16295.0,515.0,-605.0,-5.0,-30.0,-62.0
15.480008,-16039.0,473.0,-535.0,0.0,89.0,-192.0
15.49,-15958.0,461.0,-503.0,-11.0,112.0,-190.0
15.500003999999999,-15966.0,446.0,-368.0,29.0,123.0,-89.0
15.510004,-16192.0,430.0,-438.0,77.0,324.0,10.0
15.520003999999998,-16319.0,393.0,-716.0,108.0,303.0,46.0
15.530004,-16469.0,250.0,-818.0,96.0,195.0,83.0
15.540003999999998,-16561.0,226.0,-846.0,110.0,86.0,-47.0
15.550012,-16905.0,35.0,-748.0,40.0,26.0,-260.0
15.560007999999998,-17051.0,-14.0,-1119.0,-43.0,-336.0,-104.0
15.569999999999999,-16222.0,-67.0,-884.0,-118.0,-550.0,-123.0
15.579996,-16038.0,-31.0,-636.0,-87.0,-411.0,-59.0
15.590003999999999,-16038.0,-147.0,-430.0,38.0,-242.0,27.0
15.600007999999997,-16263.0,-60.0,-544.0,34.0,-156.0,215.0
15.610007999999999,-16378.0,30.0,-632.0,38.0,-124.0,215.0
15.62,-16066.0,60.0,-621.0,49.0,-1.0,221.0
15.629999999999997,-16207.0,38.0,-638.0,65.0,269.0,170.0
15.640008,-16145.0,168.0,-971.0,146.0,411.0,181.0
15.650003999999997,-16311.0,-13.0,-708.0,68.0,-51.0,42.0
15.659999999999998,-16440.0,-56.0,-750.0,57.0,-432.0,34.0
15.670004,-16400.0,-98.0,-1039.0,66.0,-719.0,158.0
15.680007999999999,-16418.0,32.0,-764.0,68.0,-812.0,239.0
15.690008,-16266.0,158.0,-532.0,82.0,-456.0,250.0
15.700003999999998,-15982.0,306.0,-327.0,128.0,-47.0,289.0
15.709999999999999,-16125.0,417.0,-369.0,105.0,314.0,223.0
15.720007999999998,-16304.0,352.0,-559.0,79.0,672.0,89.0
15.730008,-16467.0,185.0,-869.0,61.0,545.0,18.0
15.74,-16475.0,144.0,-866.0,25.0,280.0,-30.0
15.749999999999998,-16196.0,140.0,-838.0,40.0,-123.0,35.0
15.760007999999997,-15642.0,105.0,-657.0,173.0,-404.0,70.0
15.770007999999999,-16201.0,363.0,-499.0,123.0,-491.0,213.0
15.780008,-16272.0,596.0,-498.0,136.0,-254.0,31.0
15.789996,-16642.0,578.0,-709.0,116.0,121.0,-157.0
15.799999999999999,-16495.0,423.0,-852.0,85.0,220.0,-280.0
15.810007999999998,-16361.0,282.0,-601.0,62.0,434.0,-369.0
15.820003999999999,-16209.0,167.0,-319.0,69.0,787.0,-471.0
15.83,-16308.0,-11.0,-649.0,0.0,645.0,-449.0
15.840003999999999,-16450.0,-85.0,-784.0,-33.0,366.0,-333.0
15.850011999999998,-16566.0,57.0,-577.0,-18.0,157.0,-236.0
15.860007999999999,-16507.0,188.0,-627.0,11.0,84.0,-207.0
15.87,-16364.0,281.0,-692.0,57.0,37.0,-110.0
15.879999999999997,-16120.0,297.0,-635.0,130.0,167.0,4.0
15.890008,-16401.0,319.0,-567.0,162.0,806.0,-47.0
15.900003999999997,-16205.0,258.0,-647.0,-56.0,1622.0,-129.0
15.909999999999998,-16775.0,150.0,-653.0,-78.0,2235.0,-340.0
15.92,-16474.0,-97.0,-713.0,-59.0,2812.0,-405.0
15.930007999999999,-15833.0,-117.0,-714.0,-201.0,3187.0,-262.0
15.940008,-16044.0,-46.0,-983.0,-185.0,3297.0,-191.0
15.950007999999999,-16277.0,-174.0,-1744.0,-221.0,3190.0,-139.0
15.959999999999999,-16410.0,-81.0,-1654.0,-220.0,3468.0,-300.0
15.97,-16561.0,147.0,-1925.0,-362.0,4122.0,-705.0
15.980008,-16106.0,215.0,-1515.0,-338.0,5419.0,-1164.0
15.990007999999998,-15946.0,80.0,-2245.0,-369.0,6100.0,-1310.0
15.999999999999998,-16217.0,50.0,-2635.0,-406.0,6572.0,-1383.0
16.01,-16295.0,-208.0,-3251.0,-441.0,7002.0,-1778.0
16.020012,-16038.0,-614.0,-3598.0,-423.0,7482.0,-2081.0
16.030008000000002,-15472.0,-904.0,-3614.0,-149.0,8001.0,-2316.0
16.04,-15116.0,-1183.0,-3985.0,450.0,7487.0,-2335.0
16.05,-15224.0,-1077.0,-4511.0,707.0,6797.0,-2274.0
16.060008,-15296.0,-1217.0,-4844.0,755.0,7030.0,-2428.0
16.070008,-15225.0,-1164.0,-5216.0,310.0,7071.0,-2480.0
16.080000000000002,-15519.0,-1032.0,-5414.0,347.0,8393.0,-2481.0
16.09,-14631.0,-1217.0,-5641.0,20.0,11673.0,-2464.0
16.100004000000002,-14651.0,-1553.0,-6796.0,-570.0,16197.0,-2427.0
16.110008,-13852.0,-1573.0,-6639.0,-902.0,22789.0,-2402.0
16.120008000000002,-12601.0,-1472.0,-5498.0,-920.0,25579.0,-2799.0
16.129996000000002,-11143.0,-1533.0,-5306.0,-295.0,28423.0,-2983.0
16.14,-9404.0,-1317.0,-6320.0,418.0,31247.0,-4485.0
16.150008,-9396.0,-1534.0,-7615.0,-309.0,30603.0,-6453.0
16.160008,-10064.0,-2857.0,-9110.0,1773.0,27554.0,-8082.0
16.17,-8132.0,-2807.0,-12512.0,1576.0,28790.0,-10999.0
16.180004,-4941.0,916.0,-13935.0,4813.0,32580.0,-10792.0
16.190016,15.0,-3378.0,-12575.0,4976.0,31479.0,-11658.0
16.200008,-146.0,-3073.0,-10577.0,1216.0,27870.0,-8563.0
16.21,-660.0,3049.0,-4410.0,1602.0,31615.0,-6712.0
16.220004,1881.0,6432.0,-13613.0,4995.0,32755.0,-12582.0
16.230008,4622.0,-1270.0,-20624.0,4559.0,32760.0,-16182.0
16.240008,-131.0,-6754.0,-14415.0,7414.0,11891.0,-7321.0
16.250008,466.0,-3261.0,-7697.0,379.0,-10620.0,-1391.0
16.260004000000002,467.0,-5390.0,-19446.0,-1976.0,4252.0,-3226.0
16.27,3237.0,-6485.0,-19452.0,-1534.0,5885.0,-2051.0
16.280004,6022.0,-5271.0,-15381.0,-1447.0,8485.0,-3420.0
16.290008,4429.0,-3975.0,-19963.0,-964.0,10724.0,-3990.0
16.3,3593.0,-4355.0,-24457.0,-868.0,10468.0,-4042.0
16.310000000000002,753.0,-3998.0,-17345.0,-1815.0,-5775.0,-4416.0
16.320004,1496.0,-2819.0,-22621.0,-5870.0,-2288.0,-3514.0
16.330008,3473.0,-1113.0,-21062.0,-6644.0,-13142.0,-4374.0
16.34,3643.0,4346.0,-16908.0,-6796.0,-21283.0,-6493.0
16.35,3430.0,-12260.0,-12282.0,-3329.0,-19334.0,-2043.0
16.360008,2324.0,252.0,-9026.0,233.0,-10880.0,3493.0
16.370008000000002,-49.0,-38.0,-11961.0,-2115.0,-362.0,1122.0
16.380004,2269.0,-4308.0,-10658.0,-5006.0,6385.0,2278.0
16.39,-841.0,-2105.0,-15949.0,-5938.0,8142.0,862.0
16.400008,684.0,-3099.0,-24080.0,-5450.0,4455.0,-237.0
16.410004,2169.0,-741.0,-20765.0,-4495.0,-759.0,-2131.0
16.420008,4256.0,-1412.0,-16063.0,-1438.0,1276.0,-889.0
16.43,4245.0,251.0,-16017.0,244.0,2677.0,584.0
16.440004000000002,2888.0,-334.0,-15481.0,-14.0,3349.0,186.0
16.450004,1471.0,-1472.0,-16027.0,-625.0,2099.0,-573.0
16.460008000000002,904.0,-2512.0,-16081.0,-1058.0,2115.0,-1062.0
16.470000000000002,1169.0,-669.0,-13753.0,-1596.0,-885.0,-1679.0
16.480004,3035.0,-626.0,-20718.0,-584.0,-120.0,602.0
16.490012,3262.0,-810.0,-17024.0,495.0,1676.0,2087.0
16.500008,2099.0,-975.0,-15352.0,113.0,1500.0,2383.0
16.51,1286.0,-868.0,-16449.0,112.0,824.0,1952.0
16.52,355.0,-1806.0,-17108.0,-647.0,-275.0,217.0
16.530008000000002,-1461.0,-3129.0,-17463.0,-1699.0,-1268.0,-2060.0
16.540004,-417.0,-2590.0,-17472.0,-2611.0,-2145.0,-3403.0
16.55,1483.0,-680.0,-16685.0,-3638.0,-3521.0,-3862.0
16.560000000000002,2499.0,-779.0,-14917.0,-3344.0,-4055.0,-3567.0
16.570008,2293.0,-325.0,-14345.0,-1984.0,-2657.0,-2174.0
16.580008,158.0,-1951.0,-11599.0,-823.0,-1464.0,-2261.0
16.590008,3474.0,310.0,-18040.0,-74.0,1690.0,-62.0
16.600004000000002,2739.0,-247.0,-18261.0,-255.0,1350.0,-391.0
16.61,2117.0,-689.0,-17618.0,-497.0,182.0,-674.0
16.620008000000002,964.0,-184.0,-17742.0,-133.0,-1153.0,-850.0
16.630004,754.0,-630.0,-15512.0,-239.0,-2445.0,-1175.0
16.64,657.0,-361.0,-15315.0,-184.0,-2274.0,-1337.0
16.650000000000002,1351.0,-306.0,-15672.0,180.0,-1256.0,-1132.0
16.660012000000002,2293.0,8.0,-15718.0,311.0,-471.0,-664.0
16.670008,2567.0,120.0,-15184.0,-54.0,584.0,-9.0
16.680004,2153.0,-395.0,-15511.0,42.0,1543.0,312.0
16.69,1439.0,-592.0,-16316.0,200.0,1906.0,240.0
16.700008,1362.0,-154.0,-16273.0,290.0,1424.0,-295.0
16.710008000000002,870.0,349.0,-17188.0,149.0,285.0,-1167.0
16.720000000000002,810.0,789.0,-17252.0,-178.0,-383.0,-1371.0
16.73,1119.0,832.0,-16145.0,-343.0,-984.0,-1105.0
16.740004,967.0,260.0,-15565.0,-34.0,-1023.0,-756.0
16.750008,1079.0,-247.0,-16367.0,331.0,-558.0,-152.0
16.760008,1297.0,-329.0,-14995.0,563.0,136.0,-170.0
16.77,1622.0,-640.0,-16445.0,514.0,151.0,-360.0
16.78,1856.0,-431.0,-17528.0,102.0,-378.0,-574.0
16.790008,1476.0,-570.0,-16892.0,-290.0,-1207.0,-804.0
16.800004,1143.0,-775.0,-16017.0,-324.0,-1535.0,-773.0
16.810000000000002,1356.0,-419.0,-15526.0,-97.0,-1107.0,-517.0
16.820004,879.0,-179.0,-15495.0,47.0,-438.0,-280.0
16.830012,1027.0,-436.0,-15980.0,-33.0,-111.0,-299.0
16.840008,743.0,-368.0,-16448.0,-193.0,20.0,-597.0
16.85,1182.0,-193.0,-16233.0,-502.0,-29.0,-828.0
16.860004,1349.0,-387.0,-16720.0,-730.0,-1147.0,-681.0
16.870004,947.0,-253.0,-16695.0,-998.0,-2068.0,-569.0
16.880004,654.0,-368.0,-16742.0,-1086.0,-2526.0,-557.0
16.890008,546.0,-197.0,-16137.0,-850.0,-2232.0,-531.0
16.900004,988.0,167.0,-15185.0,-230.0,-933.0,-482.0
16.910004,1271.0,68.0,-15404.0,320.0,350.0,-204.0
16.920008,968.0,-114.0,-16430.0,608.0,546.0,162.0
16.930004,411.0,-117.0,-16937.0,569.0,167.0,194.0
16.94,412.0,-335.0,-16567.0,421.0,-311.0,34.0
16.950004,688.0,-302.0,-16565.0,227.0,-713.0,-110.0
16.960008000000002,681.0,-68.0,-16247.0,155.0,-672.0,-126.0
16.970008,615.0,-54.0,-16205.0,343.0,-369.0,55.0
16.980004,674.0,292.0,-16063.0,495.0,198.0,2.0
16.990000000000002,307.0,-203.0,-15585.0,835.0,895.0,172.0
17.000008,471.0,-293.0,-16082.0,922.0,1179.0,209.0
17.010008,733.0,-315.0,-16535.0,831.0,945.0,370.0
17.02,520.0,-421.0,-16781.0,356.0,383.0,174.0
17.03,492.0,-434.0,-16713.0,-69.0,-245.0,-472.0
17.040008,601.0,-127.0,-16156.0,-322.0,-51.0,-773.0
17.050008000000002,755.0,71.0,-16035.0,-161.0,527.0,-760.0
17.060008,302.0,-357.0,-16019.0,77.0,884.0,-526.0
17.07,296.0,582.0,-16405.0,1188.0,1355.0,-276.0
17.080004000000002,954.0,-528.0,-16037.0,575.0,1959.0,-140.0
17.090004,1319.0,-320.0,-16690.0,-175.0,1382.0,1.0
17.100008,1375.0,-205.0,-16469.0,-919.0,767.0,-22.0
17.11,1302.0,-67.0,-16167.0,-1012.0,397.0,-62.0
17.12,1344.0,25.0,-16396.0,-922.0,523.0,-36.0
17.130008,1264.0,59.0,-16221.0,-777.0,478.0,205.0
17.140008,749.0,-396.0,-16312.0,-635.0,331.0,351.0
17.150000000000002,610.0,-403.0,-16193.0,-529.0,433.0,-4.0
17.159996,1013.0,-171.0,-15995.0,-514.0,732.0,-138.0
17.170008,1097.0,16.0,-15830.0,-593.0,950.0,-25.0
17.180004,1264.0,58.0,-16049.0,-424.0,1146.0,63.0
17.19,1538.0,27.0,-15937.0,-114.0,1323.0,84.0
17.2,1768.0,143.0,-15765.0,-49.0,1737.0,66.0
17.210004,1708.0,312.0,-16746.0,-109.0,1277.0,10.0
17.220008,1622.0,380.0,-17046.0,56.0,759.0,187.0
17.230008,1248.0,190.0,-16594.0,113.0,499.0,341.0
17.240004,1460.0,37.0,-16253.0,190.0,223.0,426.0
17.25,1869.0,97.0,-16203.0,192.0,-76.0,380.0
17.260004000000002,1853.0,-3.0,-16243.0,-4.0,-240.0,74.0
17.270008,1775.0,-22.0,-16173.0,-228.0,-296.0,-87.0
17.28,1407.0,-71.0,-16163.0,-151.0,-253.0,-244.0
17.29,1421.0,-82.0,-16116.0,24.0,-294.0,-511.0
17.300012000000002,1777.0,205.0,-16317.0,176.0,-370.0,-707.0
17.310008,2028.0,438.0,-15986.0,143.0,-392.0,-588.0
17.32,1496.0,367.0,-16305.0,199.0,-361.0,-316.0
17.330000000000002,1241.0,220.0,-16400.0,149.0,-333.0,-315.0
17.340008,1312.0,183.0,-16230.0,127.0,-649.0,-276.0
17.350008,1300.0,64.0,-16447.0,34.0,-925.0,-6.0
17.360004,1252.0,-59.0,-16249.0,-99.0,-912.0,133.0
17.37,1388.0,-328.0,-15875.0,-5.0,-606.0,181.0
17.380004,1329.0,-307.0,-15734.0,415.0,256.0,355.0
17.390008,1272.0,-319.0,-15972.0,566.0,698.0,275.0
17.400008,1403.0,-133.0,-16736.0,434.0,601.0,20.0
17.41,1805.0,47.0,-16527.0,208.0,85.0,-138.0
17.420004000000002,1602.0,76.0,-16314.0,-37.0,-559.0,-68.0
17.430004,1484.0,15.0,-16179.0,-53.0,-918.0,45.0
17.440004000000002,1676.0,-158.0,-15946.0,-11.0,-864.0,386.0
17.450004,1263.0,-319.0,-16007.0,3.0,-534.0,523.0
17.460004,835.0,-424.0,-16270.0,48.0,-319.0,451.0
17.470012,840.0,-292.0,-16200.0,35.0,77.0,387.0
17.480008,1166.0,-175.0,-16271.0,59.0,379.0,314.0
17.490000000000002,1202.0,-12.0,-16065.0,71.0,620.0,240.0
17.500004,1189.0,70.0,-15945.0,17.0,677.0,111.0
17.510008,1367.0,286.0,-16352.0,19.0,605.0,143.0
17.520008,1581.0,397.0,-16395.0,27.0,306.0,357.0
17.530008000000002,1645.0,392.0,-16346.0,-171.0,-91.0,646.0
17.540004,1324.0,293.0,-16393.0,-149.0,-61.0,870.0
17.55,1139.0,139.0,-16242.0,-139.0,-71.0,680.0
17.560008,1516.0,222.0,-15962.0,-39.0,33.0,455.0
17.570008,1085.0,-80.0,-16052.0,67.0,122.0,4.0
17.580000000000002,1160.0,-120.0,-16263.0,119.0,94.0,-394.0
17.589996,1394.0,29.0,-16257.0,46.0,-240.0,-481.0
17.600008,1547.0,115.0,-15899.0,2.0,-239.0,-413.0
17.610008,1769.0,138.0,-16041.0,-105.0,-177.0,-156.0
17.62,1408.0,51.0,-16252.0,-89.0,-40.0,129.0
17.63,1468.0,-102.0,-16168.0,-106.0,-193.0,192.0
17.640008,1532.0,-50.0,-16576.0,-109.0,-318.0,162.0
17.650008,1300.0,-90.0,-16417.0,-149.0,-445.0,-81.0
17.660004,1232.0,-88.0,-16292.0,-196.0,-598.0,-396.0
17.67,1288.0,55.0,-16041.0,-131.0,-547.0,-447.0
17.680008,1289.0,75.0,-15657.0,11.0,-361.0,-245.0
17.690004000000002,1430.0,55.0,-15735.0,266.0,200.0,117.0
17.700008,1323.0,-10.0,-16371.0,255.0,377.0,399.0
17.71,1244.0,-65.0,-16361.0,257.0,154.0,485.0
17.720004,1319.0,-113.0,-16523.0,129.0,-80.0,360.0
17.730004,1024.0,-197.0,-16206.0,-22.0,-262.0,-24.0
17.740008,1019.0,-134.0,-16270.0,-55.0,-334.0,-317.0
17.75,1247.0,140.0,-16463.0,-63.0,-386.0,-428.0
17.76,1442.0,273.0,-16211.0,5.0,-265.0,-307.0
17.770012,1162.0,273.0,-15892.0,190.0,35.0,-48.0
17.780008000000002,1083.0,28.0,-16064.0,329.0,252.0,119.0
17.79,1399.0,28.0,-16287.0,393.0,407.0,367.0
17.8,1407.0,-62.0,-16048.0,358.0,324.0,557.0
17.810008,1562.0,-78.0,-16640.0,126.0,28.0,447.0
17.820008,1569.0,21.0,-16349.0,-74.0,-241.0,359.0
17.830000000000002,1043.0,-95.0,-16063.0,-45.0,-44.0,104.0
17.84,1270.0,-58.0,-16404.0,-19.0,144.0,-166.0
17.850008,1341.0,24.0,-16157.0,25.0,153.0,-216.0
17.860004,1080.0,-6.0,-15889.0,235.0,394.0,-97.0
17.870008000000002,1100.0,-7.0,-16029.0,304.0,630.0,26.0
17.88,1395.0,0.0,-16015.0,409.0,797.0,96.0
17.89,1545.0,23.0,-16135.0,500.0,932.0,219.0
17.900008,1447.0,-50.0,-16198.0,306.0,340.0,207.0
17.910008,1396.0,-187.0,-16382.0,164.0,73.0,87.0
17.920004000000002,1422.0,-158.0,-16247.0,189.0,238.0,14.0
17.93,1042.0,-188.0,-16197.0,163.0,310.0,-119.0
17.940012,1215.0,-92.0,-16089.0,106.0,118.0,-254.0
17.950008,1465.0,-37.0,-16349.0,185.0,244.0,-240.0
17.960004,1951.0,125.0,-16242.0,142.0,113.0,27.0
17.97,1758.0,68.0,-16250.0,-16.0,-136.0,169.0
17.980008,1482.0,-125.0,-15928.0,-32.0,-443.0,107.0
17.990008,1470.0,-119.0,-16349.0,107.0,-379.0,-38.0
